matric_number,entry_mode_code,socio_band_code,prior_cgpa,ca_mean,ca_variance,momentum,attendance_rate,clicks_total,duration_total_min,resource_breadth,submission_timeliness,engagement_index,forum_posts_count,login_frequency,is_at_risk
MAT-2024-0001,0,2,3.25,66.06,14.82,-1.72,61.2,248,471.04,7,-17.82,125.28,5,29,1
MAT-2024-0002,0,0,2.28,45.9,13.45,-0.45,84.07,248,831.62,8,1.6,134.23,10,15,1
MAT-2024-0003,0,1,3.25,68.58,9.91,0.6,48.8,258,528.76,3,-24.91,125.12,7,13,0
MAT-2024-0004,1,1,2.75,51.33,12.14,-0.79,83.15,266,862.62,12,-12.04,140.26,4,18,1
MAT-2024-0005,0,1,2.19,48.78,54.41,-1.1,79.95,246,493.93,12,-13.68,130.98,4,21,1
MAT-2024-0006,0,0,2.67,56.0,10.1,0.79,25.45,224,479.71,6,33.42,101.58,7,29,1
MAT-2024-0007,0,2,3.62,68.1,15.36,1.0,47.37,269,881.12,4,-25.56,128.75,4,13,0
MAT-2024-0008,0,0,4.0,81.71,12.92,0.41,43.53,239,823.6,13,21.85,113.41,6,21,0
MAT-2024-0009,0,2,2.78,57.13,18.94,-0.11,16.76,221,628.15,7,-8.05,96.7,7,20,1
MAT-2024-0010,1,1,3.47,71.67,3.61,0.76,53.6,248,514.12,10,-9.91,121.64,2,18,0
MAT-2024-0011,0,2,3.22,57.38,14.89,-0.86,74.11,247,416.87,9,-19.04,129.64,7,18,1
MAT-2024-0012,0,0,3.11,54.85,23.58,1.44,29.55,221,343.22,11,21.83,101.02,9,17,1
MAT-2024-0013,0,0,1.72,34.7,24.36,0.45,34.11,261,522.01,8,-44.99,119.44,6,20,1
MAT-2024-0014,0,0,3.07,63.6,15.15,0.2,55.22,217,562.43,11,5.98,109.69,4,12,0
MAT-2024-0015,1,0,1.79,34.39,9.51,0.32,39.08,240,467.33,6,2.13,113.43,4,16,1
MAT-2024-0016,0,0,2.31,40.97,9.65,-0.56,76.99,246,502.31,13,-31.69,129.6,3,18,1
MAT-2024-0017,2,0,4.0,77.5,37.82,-0.11,77.4,269,645.89,14,-1.33,138.76,5,17,0
MAT-2024-0018,0,1,2.44,61.56,25.66,1.4,51.7,256,430.59,2,1.19,125.68,7,28,0
MAT-2024-0019,0,1,2.8,58.37,15.28,-0.32,64.02,239,400.9,1,-51.5,124.01,4,20,0
MAT-2024-0020,0,0,3.16,67.06,7.61,0.65,79.07,234,744.45,6,-18.56,127.03,6,21,0
MAT-2024-0021,0,0,2.55,36.0,1.0,0.93,80.78,226,450.17,4,3.06,124.91,3,25,0
MAT-2024-0022,0,1,3.36,71.85,19.58,1.85,64.99,242,541.71,8,-21.02,124.2,3,25,0
MAT-2024-0023,1,1,2.29,78.33,0.0,-1.77,37.41,234,697.84,6,-14.5,110.36,6,16,1
MAT-2024-0024,2,1,4.0,81.44,24.34,1.51,16.1,220,568.85,6,3.96,96.24,7,17,0
MAT-2024-0025,1,0,3.2,76.67,4.84,-0.35,76.06,231,680.18,2,-23.49,125.42,2,23,0
MAT-2024-0026,1,2,1.98,24.0,4.0,-0.61,67.77,238,639.25,12,42.77,122.91,9,25,1
MAT-2024-0027,2,2,3.21,75.22,26.72,-0.13,82.53,245,818.23,2,-37.34,133.61,4,21,1
MAT-2024-0028,0,1,1.0,20.3,17.51,1.13,71.04,247,543.1,14,61.68,127.42,4,19,1
MAT-2024-0029,0,0,2.03,38.93,24.74,1.27,87.17,265,743.46,8,-5.77,142.27,8,12,1
MAT-2024-0030,0,0,2.54,48.15,29.57,-2.17,40.03,230,569.22,14,-32.02,108.21,7,23,1
MAT-2024-0031,1,1,2.71,55.92,9.12,1.81,69.11,261,721.98,5,-15.51,134.04,5,15,0
MAT-2024-0032,0,1,2.37,45.67,23.0,-0.58,90.58,227,671.1,9,23.69,128.23,4,17,0
MAT-2024-0033,2,1,2.95,68.93,5.39,-0.28,61.41,252,535.68,5,-12.83,127.36,4,23,1
MAT-2024-0034,0,1,3.74,78.75,28.7,-0.05,7.07,265,748.18,13,20.83,109.23,2,26,0
MAT-2024-0035,2,1,3.0,68.44,20.17,1.58,59.23,240,380.2,1,-19.31,122.49,2,18,0
MAT-2024-0036,2,1,3.19,61.52,9.03,-0.13,44.31,251,640.07,11,28.66,118.92,5,16,0
MAT-2024-0037,0,1,2.37,48.37,14.84,-0.73,33.35,259,829.43,8,1.04,118.34,9,15,1
MAT-2024-0038,0,2,3.52,71.0,3.08,1.57,55.13,244,765.52,6,-45.42,121.45,1,19,0
MAT-2024-0039,0,0,3.34,69.22,5.4,0.75,81.88,254,414.34,1,45.86,137.15,7,19,0
MAT-2024-0040,1,1,3.59,71.33,12.28,0.63,26.49,236,661.59,12,-4.96,105.6,4,13,0
MAT-2024-0041,0,1,3.16,59.67,0.0,1.64,93.85,257,688.9,8,7.59,141.74,2,12,1
MAT-2024-0042,0,1,3.52,68.07,5.64,-0.26,55.36,260,395.08,12,-27.8,126.74,3,25,0
MAT-2024-0043,0,2,3.24,71.85,20.06,0.65,82.72,232,684.32,12,35.97,126.49,5,15,0
MAT-2024-0044,1,1,4.0,79.89,4.54,-1.67,56.01,243,844.5,8,22.86,121.0,3,21,0
MAT-2024-0045,1,2,4.0,68.0,0.0,-1.36,93.71,264,713.78,10,7.77,144.08,6,15,0
MAT-2024-0046,2,0,2.6,51.0,24.01,-0.47,90.17,233,506.54,14,-6.54,129.47,5,18,0
MAT-2024-0047,0,1,3.3,71.43,14.78,-0.54,69.54,259,555.88,13,-3.21,131.82,4,17,0
MAT-2024-0048,0,1,3.56,76.57,9.08,0.36,84.72,259,500.22,14,39.2,137.69,3,21,0
MAT-2024-0049,2,1,2.0,41.3,10.1,-1.44,88.65,237,463.23,10,-28.52,131.26,9,20,1
MAT-2024-0050,0,1,3.02,73.33,6.76,0.18,68.59,288,650.92,4,-3.83,144.84,4,17,0
MAT-2024-0051,1,1,3.44,62.03,9.79,0.32,26.25,265,420.51,10,5.94,117.5,8,17,0
MAT-2024-0052,2,1,4.0,77.44,6.47,-0.08,82.22,235,473.24,13,-22.51,127.29,6,23,0
MAT-2024-0053,2,0,3.01,54.36,6.78,1.03,93.73,257,761.05,14,8.98,140.49,6,19,1
MAT-2024-0054,1,0,1.17,21.13,5.81,0.81,47.48,219,428.08,13,59.18,106.99,4,19,1
MAT-2024-0055,1,1,2.8,59.52,4.79,-0.17,71.13,256,451.85,6,31.51,132.65,5,22,0
MAT-2024-0056,0,1,2.72,53.56,1.31,0.66,51.01,244,641.45,2,-11.01,120.6,3,16,1
MAT-2024-0057,0,1,3.01,59.79,21.42,-0.21,42.75,246,729.94,6,-5.58,117.3,7,16,0
MAT-2024-0058,0,1,2.07,31.44,20.18,-0.0,45.52,255,582.62,10,-16.06,121.21,4,27,1
MAT-2024-0059,1,1,3.53,72.13,8.84,0.24,81.15,264,493.78,11,-23.32,138.86,4,12,0
MAT-2024-0060,2,1,2.2,45.7,14.17,0.23,32.15,232,778.74,12,-51.11,106.26,8,24,1
MAT-2024-0061,1,1,3.26,65.56,16.54,0.4,50.46,261,699.66,8,-35.81,125.98,3,21,0
MAT-2024-0062,0,0,3.73,74.56,4.43,0.82,86.16,259,667.54,4,-34.8,140.26,5,21,0
MAT-2024-0063,0,1,2.03,44.5,11.9,0.18,59.42,253,684.86,2,4.43,127.57,3,22,1
MAT-2024-0064,1,1,2.86,56.92,9.61,0.7,29.57,250,717.96,14,20.4,112.03,7,24,1
MAT-2024-0065,2,0,3.41,59.0,13.95,0.81,66.11,244,778.26,6,-0.51,125.84,1,27,0
MAT-2024-0066,0,1,2.28,43.81,10.18,-1.36,68.36,228,444.74,10,6.33,119.54,8,25,1
MAT-2024-0067,0,1,2.39,48.76,7.11,0.22,62.97,242,626.71,4,2.94,124.19,8,11,1
MAT-2024-0068,2,1,3.94,80.67,15.3,1.19,67.48,259,552.58,3,20.47,132.99,5,18,0
MAT-2024-0069,1,1,2.2,45.57,5.13,-0.07,61.89,274,583.11,8,31.13,135.76,4,16,1
MAT-2024-0070,0,1,2.78,60.0,17.58,1.23,59.63,242,396.71,7,11.27,122.25,2,18,1
MAT-2024-0071,0,1,2.1,39.18,10.34,-0.3,81.57,246,844.39,6,-10.45,132.83,6,25,1
MAT-2024-0072,2,0,3.33,70.62,8.55,-1.62,67.07,274,776.96,14,13.42,136.63,7,16,0
MAT-2024-0073,1,1,4.0,79.03,12.9,-0.93,66.69,273,431.21,6,-5.28,137.68,4,16,0
MAT-2024-0074,0,1,1.35,26.75,21.83,-0.16,83.68,250,621.77,11,6.45,134.27,3,18,1
MAT-2024-0075,2,1,3.39,62.89,15.95,0.81,74.81,265,446.41,12,13.82,136.52,9,20,0
MAT-2024-0076,0,0,3.12,64.5,27.17,-0.77,85.96,245,565.41,13,-22.65,132.78,9,21,1
MAT-2024-0077,1,1,2.03,31.08,2.51,0.05,69.85,241,653.49,2,-5.02,126.94,4,34,1
MAT-2024-0078,2,1,1.56,25.1,9.12,-0.47,19.35,255,398.28,6,3.75,111.54,7,17,1
MAT-2024-0079,0,1,1.41,26.17,13.32,0.24,91.23,256,701.78,5,-16.65,140.89,7,21,1
MAT-2024-0080,1,1,3.12,62.54,27.7,-1.81,83.84,273,651.63,4,16.19,144.94,4,22,0
MAT-2024-0081,0,1,3.42,78.93,7.57,-0.12,52.66,226,665.86,14,3.49,111.66,3,30,0
MAT-2024-0082,2,1,2.48,47.37,7.25,0.87,37.17,249,692.46,5,-4.65,116.47,2,24,1
MAT-2024-0083,1,2,3.71,79.13,42.73,-0.77,65.98,260,472.48,2,4.03,132.99,2,23,0
MAT-2024-0084,0,1,2.57,51.89,7.58,-0.66,44.05,264,625.06,1,-11.72,126.02,4,25,1
MAT-2024-0085,0,0,2.68,52.08,3.04,0.16,58.83,270,464.93,14,-23.28,131.73,1,26,1
MAT-2024-0086,0,1,2.22,51.0,5.22,-0.34,68.81,252,724.77,13,12.41,128.72,2,14,1
MAT-2024-0087,0,1,4.0,83.87,6.46,0.02,60.58,263,577.6,14,42.51,129.63,8,15,0
MAT-2024-0088,1,2,4.0,78.96,10.9,1.29,85.45,255,814.57,11,15.11,136.98,6,18,0
MAT-2024-0089,0,1,3.03,58.55,8.31,2.19,59.35,265,525.75,6,-6.4,131.54,6,19,0
MAT-2024-0090,0,0,3.17,64.58,8.69,1.49,48.13,268,604.06,12,10.01,127.05,5,13,1
MAT-2024-0091,0,1,2.24,34.39,10.4,0.15,52.67,238,527.68,4,-19.3,118.47,5,21,1
MAT-2024-0092,0,2,3.32,60.5,11.78,-0.43,86.71,248,782.07,13,-22.35,134.28,6,18,0
MAT-2024-0093,0,1,2.68,57.21,15.28,-0.85,76.15,252,569.87,7,-11.14,132.86,6,17,0
MAT-2024-0094,0,1,2.53,70.5,20.73,-0.18,54.03,277,819.36,14,-4.92,132.61,2,22,0
MAT-2024-0095,0,1,2.75,51.89,39.24,0.49,72.71,268,701.61,13,-7.76,136.68,7,24,1
MAT-2024-0096,0,0,2.02,41.22,9.64,-0.65,52.31,215,446.18,11,6.27,107.72,6,18,1
MAT-2024-0097,0,1,2.92,58.0,0.0,0.7,61.61,282,429.48,14,15.87,137.64,4,23,0
MAT-2024-0098,0,1,1.75,28.43,4.58,-0.27,61.3,238,693.36,6,-26.94,121.52,6,26,1
MAT-2024-0099,0,1,2.16,41.93,10.95,-0.86,61.92,247,374.97,8,19.83,124.97,6,27,1
MAT-2024-0100,0,0,3.92,74.1,21.93,-0.47,62.56,235,509.3,12,-18.07,119.62,8,19,0
MAT-2024-0101,2,0,2.42,50.33,4.49,0.03,17.07,263,739.12,1,-0.4,114.83,9,19,1
MAT-2024-0102,0,1,2.46,54.0,14.13,-0.9,58.69,243,565.95,6,24.79,122.48,6,20,1
MAT-2024-0103,0,1,2.11,36.37,8.58,-0.66,73.64,262,748.78,8,-20.84,135.66,6,14,1
MAT-2024-0104,0,1,3.17,54.22,16.87,-0.05,26.87,252,791.98,9,23.92,112.75,7,12,0
MAT-2024-0105,1,2,2.61,54.17,3.65,-0.66,35.18,242,532.65,8,-4.48,112.27,4,16,1
MAT-2024-0106,0,0,2.37,53.44,5.16,1.41,81.24,233,764.43,13,-11.72,126.1,8,18,0
MAT-2024-0107,0,1,2.32,54.04,13.68,1.55,10.33,251,608.98,14,17.45,104.73,7,13,1
MAT-2024-0108,0,1,3.04,57.2,8.69,-0.33,78.16,220,769.51,11,15.47,120.06,3,19,0
MAT-2024-0109,0,1,2.59,45.85,15.75,1.35,67.86,270,605.6,12,-25.73,135.74,8,19,1
MAT-2024-0110,1,1,4.0,85.33,10.98,-0.49,51.47,248,787.33,14,4.06,119.99,1,19,0
MAT-2024-0111,1,2,2.52,54.33,0.36,0.21,82.64,225,653.69,13,5.26,123.46,6,15,1
MAT-2024-0112,0,2,2.98,65.11,2.06,-0.52,52.31,224,367.82,12,7.4,111.12,2,29,0
MAT-2024-0113,0,1,2.51,39.87,9.11,0.85,57.02,241,445.49,7,-2.78,120.81,4,19,1
MAT-2024-0114,1,1,3.59,73.67,4.84,0.81,73.79,244,604.82,9,-79.79,128.32,7,15,0
MAT-2024-0115,0,1,1.77,29.42,25.38,-0.89,76.88,234,484.71,13,-20.09,124.75,7,23,1
MAT-2024-0116,0,2,4.0,86.0,15.45,-1.38,62.51,264,399.4,12,13.79,131.2,7,25,0
MAT-2024-0117,0,0,2.9,49.0,33.64,0.22,20.85,252,800.95,1,15.58,111.94,5,28,1
MAT-2024-0118,1,0,3.33,66.73,10.82,0.18,59.56,224,523.52,8,12.13,114.82,8,23,1
MAT-2024-0119,2,1,2.94,50.67,0.0,-0.23,39.37,281,630.85,4,-11.49,130.35,5,15,0
MAT-2024-0120,0,2,2.5,49.25,12.45,0.73,80.68,227,671.79,3,24.29,125.47,5,17,0
MAT-2024-0121,0,1,1.95,44.2,10.79,0.86,59.25,248,858.36,13,7.74,123.3,9,19,1
MAT-2024-0122,0,1,2.64,49.41,5.61,0.44,46.16,232,514.27,13,-10.83,111.66,7,28,1
MAT-2024-0123,0,0,3.19,57.8,11.32,0.61,67.64,246,769.82,13,-15.13,125.86,8,17,0
MAT-2024-0124,0,2,2.49,56.33,15.89,-0.28,69.55,214,483.48,13,-26.75,113.82,8,25,1
MAT-2024-0125,1,1,3.31,65.93,30.86,-0.69,90.63,245,497.8,11,-4.28,135.05,3,26,0
MAT-2024-0126,0,2,1.85,39.07,24.29,0.87,24.4,232,383.64,11,11.79,103.36,3,21,1
MAT-2024-0127,0,1,2.55,50.0,0.01,-1.73,95.48,239,537.62,14,8.18,133.99,3,16,0
MAT-2024-0128,0,0,2.9,60.91,17.45,-0.65,49.45,243,425.52,2,20.78,119.58,1,18,0
MAT-2024-0129,0,1,3.17,59.17,0.0,0.61,82.46,267,840.7,2,3.09,142.38,2,19,0
MAT-2024-0130,0,0,2.54,54.07,31.12,-2.06,63.1,239,406.08,7,15.92,122.44,3,25,0
MAT-2024-0131,1,1,2.29,50.0,23.99,0.62,33.61,243,815.93,8,-23.71,112.04,1,22,1
MAT-2024-0132,1,1,3.28,80.33,0.0,-0.06,85.18,254,393.54,5,30.18,137.67,1,21,0
MAT-2024-0133,2,1,3.11,56.33,14.72,0.3,52.82,240,490.54,11,-5.36,117.93,2,22,0
MAT-2024-0134,1,0,3.18,61.42,11.27,-1.9,73.52,245,435.13,11,-19.1,128.21,4,17,0
MAT-2024-0135,2,1,2.67,56.42,13.49,0.12,73.36,265,517.3,8,25.16,136.74,5,11,0
MAT-2024-0136,0,1,3.26,68.22,28.2,-0.84,21.27,256,481.25,10,13.78,111.91,13,18,0
MAT-2024-0137,1,1,1.52,34.2,9.11,0.31,36.86,245,570.83,7,35.56,114.34,6,18,1
MAT-2024-0138,0,0,2.21,49.33,1.44,-0.68,69.72,265,439.52,11,-26.19,134.69,7,20,1
MAT-2024-0139,0,1,3.0,47.94,8.15,1.27,60.61,243,370.77,13,-11.74,121.84,4,27,0
MAT-2024-0140,0,1,3.03,70.24,6.69,-1.52,49.99,256,478.64,5,21.34,124.4,5,19,0
MAT-2024-0141,0,0,2.42,46.67,0.0,0.29,8.22,250,410.58,7,-9.03,104.89,4,20,1
MAT-2024-0142,0,1,1.35,24.4,18.25,0.16,60.99,233,503.81,9,-12.03,118.8,2,15,1
MAT-2024-0143,2,1,2.16,41.5,25.5,-0.57,52.85,278,573.01,9,23.76,133.54,8,17,0
MAT-2024-0144,0,1,3.1,72.03,12.31,-1.04,83.9,259,874.73,2,-24.08,139.76,5,23,0
MAT-2024-0145,0,1,1.67,40.5,0.12,1.78,56.62,230,537.79,1,-22.28,117.45,4,17,1
MAT-2024-0146,0,1,3.2,61.91,16.69,0.48,22.35,232,714.88,2,12.54,104.34,4,15,0
MAT-2024-0147,0,0,1.52,37.44,21.41,1.01,70.07,230,575.03,12,16.78,120.63,5,12,1
MAT-2024-0148,0,2,2.63,51.05,12.87,1.38,64.62,245,623.97,14,2.63,124.05,7,11,0
MAT-2024-0149,0,0,2.85,58.6,8.41,2.22,68.31,270,919.29,5,-17.47,137.32,9,22,0
MAT-2024-0150,1,1,2.76,58.33,17.74,-1.94,57.83,255,548.82,6,-18.99,126.93,6,16,1
MAT-2024-0151,0,1,2.54,46.0,0.0,-0.51,73.41,249,806.35,14,-3.1,129.16,6,19,0
MAT-2024-0152,1,1,3.43,64.29,9.65,0.68,68.83,228,501.07,11,20.78,119.53,4,23,0
MAT-2024-0153,1,0,3.5,74.0,6.0,-0.59,59.8,245,498.37,10,-17.04,122.92,1,19,0
MAT-2024-0154,1,1,2.06,36.7,9.77,-1.06,35.43,256,420.11,3,-13.21,118.97,3,15,1
MAT-2024-0155,1,0,2.24,45.06,24.53,-0.93,61.66,258,594.17,3,24.45,130.26,2,30,1
MAT-2024-0156,0,0,3.19,65.67,1.21,-0.55,83.98,234,790.01,7,17.26,128.79,11,21,0
MAT-2024-0157,1,1,3.18,53.58,15.73,0.71,54.88,235,461.35,9,-0.17,117.15,3,32,1
MAT-2024-0158,1,1,2.65,47.06,13.86,-0.74,66.35,214,520.04,5,36.23,114.14,4,22,1
MAT-2024-0159,0,2,1.53,21.78,13.8,0.87,92.64,247,401.38,10,25.18,136.86,6,21,1
MAT-2024-0160,0,1,2.85,57.1,16.54,1.53,99.14,242,429.97,2,10.17,139.06,8,12,1
MAT-2024-0161,0,1,3.07,58.79,16.37,2.18,58.62,258,878.81,14,-45.04,126.85,3,25,0
MAT-2024-0162,1,2,2.31,45.11,6.36,0.22,77.12,249,497.41,2,-49.39,133.05,4,19,1
MAT-2024-0163,0,0,3.05,46.73,23.52,-0.32,74.47,255,629.08,11,16.84,132.59,5,24,1
MAT-2024-0164,0,1,3.36,74.29,10.98,-1.29,93.49,246,796.33,10,6.73,136.8,6,11,0
MAT-2024-0165,2,1,3.51,73.03,14.12,0.19,40.47,246,688.15,10,-23.41,115.59,6,15,0
MAT-2024-0166,0,1,3.46,67.55,15.43,-1.23,41.03,247,772.15,11,-2.72,116.01,7,18,0
MAT-2024-0167,0,2,2.96,68.89,5.62,0.24,35.05,285,613.45,9,-7.14,129.22,4,17,0
MAT-2024-0168,1,0,4.0,83.14,12.9,-0.36,78.68,269,597.03,9,9.15,140.27,5,26,0
MAT-2024-0169,0,1,3.02,66.22,3.9,-0.48,49.46,240,771.77,14,-27.65,115.98,4,12,0
MAT-2024-0170,1,0,3.09,50.17,6.05,0.2,79.49,223,343.17,14,9.06,121.2,3,24,0
MAT-2024-0171,1,2,3.7,60.67,24.68,0.11,55.55,238,398.4,5,-28.16,119.42,6,29,0
MAT-2024-0172,0,1,2.82,60.83,9.3,0.83,72.72,272,438.3,9,-0.13,139.09,7,24,1
MAT-2024-0173,0,1,3.62,72.73,17.05,2.2,69.05,230,744.27,6,5.19,121.42,4,14,0
MAT-2024-0174,0,1,3.2,63.4,4.02,-0.27,63.41,251,771.24,7,38.28,127.36,5,21,0
MAT-2024-0175,0,2,1.76,32.89,19.82,-1.06,76.63,260,580.67,8,-16.31,136.05,7,19,1
MAT-2024-0176,1,0,2.03,41.92,10.69,2.5,35.93,251,463.93,10,7.78,115.77,2,17,1
MAT-2024-0177,0,1,4.0,80.15,7.81,1.2,22.82,256,606.73,10,-11.29,112.53,4,20,0
MAT-2024-0178,0,2,1.66,19.33,0.0,-0.18,50.93,236,778.52,11,13.82,115.57,6,17,1
MAT-2024-0179,2,0,2.7,60.78,7.41,-0.13,55.22,248,583.74,12,-10.95,121.89,11,17,0
MAT-2024-0180,0,1,3.1,65.52,13.86,-1.2,17.52,251,719.76,10,7.84,108.41,3,11,1
MAT-2024-0181,1,0,2.87,61.06,16.83,-0.87,41.51,256,438.09,3,10.02,121.4,5,22,1
MAT-2024-0182,2,0,2.77,51.92,4.46,0.68,51.18,277,538.64,8,9.49,132.67,5,19,1
MAT-2024-0183,2,0,2.13,30.92,9.55,-0.21,61.65,248,707.7,1,-17.83,126.66,4,20,1
MAT-2024-0184,0,1,3.98,75.0,0.0,0.16,84.13,244,472.53,12,-11.86,131.85,2,19,0
MAT-2024-0185,0,2,3.56,75.22,15.98,-0.18,67.44,247,523.82,1,18.39,128.58,5,20,0
MAT-2024-0186,0,0,2.49,47.0,12.83,-1.17,76.6,254,471.09,9,4.55,133.44,4,18,1
MAT-2024-0187,1,1,3.26,55.67,0.08,-0.2,22.25,230,353.52,6,3.11,102.7,2,28,0
MAT-2024-0188,1,1,3.52,66.7,11.22,1.29,46.1,255,595.37,5,-7.24,122.44,4,31,0
MAT-2024-0189,1,1,2.86,60.33,0.16,-0.97,73.81,231,470.87,7,-18.26,123.52,4,21,0
MAT-2024-0190,1,0,2.34,41.94,21.7,0.37,69.38,260,432.47,14,6.77,131.95,6,13,1
MAT-2024-0191,0,1,2.68,51.93,12.6,0.48,28.82,255,422.6,2,17.57,116.13,2,22,1
MAT-2024-0192,0,2,2.24,44.71,10.11,0.25,70.68,223,641.87,10,-27.32,118.47,8,14,1
MAT-2024-0193,0,1,2.83,56.0,25.68,-0.0,31.95,231,426.14,13,11.8,105.58,4,16,1
MAT-2024-0194,2,1,1.88,37.29,7.57,-0.8,65.52,225,481.53,10,6.27,117.21,3,24,1
MAT-2024-0195,0,2,3.52,75.5,2.1,0.05,70.16,249,787.81,2,28.86,130.26,10,24,0
MAT-2024-0196,0,0,3.31,60.19,9.5,0.95,71.64,240,813.75,13,17.62,125.06,3,26,0
MAT-2024-0197,1,1,2.78,55.71,18.19,-0.38,53.34,240,496.64,5,14.87,119.34,4,22,1
MAT-2024-0198,0,2,1.36,36.89,23.05,0.52,44.26,235,820.44,6,42.9,113.5,3,26,1
MAT-2024-0199,0,0,4.0,83.17,6.0,-1.87,77.99,253,745.37,13,-7.56,132.8,4,14,0
MAT-2024-0200,1,1,2.63,54.24,10.69,0.64,74.14,250,575.49,11,3.64,130.46,3,19,1
MAT-2024-0201,0,0,1.58,29.04,16.13,-1.01,58.65,236,590.14,3,-27.31,120.26,4,18,1
MAT-2024-0202,0,1,3.06,81.67,0.0,1.12,44.53,268,928.04,11,17.32,125.81,13,18,0
MAT-2024-0203,0,0,2.6,51.5,12.75,0.24,24.6,249,531.09,1,7.57,112.24,5,20,1
MAT-2024-0204,0,0,2.19,29.83,29.7,1.78,31.29,234,484.98,8,7.41,107.52,8,24,1
MAT-2024-0205,0,2,2.3,49.06,3.24,-1.36,69.79,276,520.37,14,55.35,138.52,2,26,0
MAT-2024-0206,0,0,2.62,54.73,19.7,-1.8,88.75,272,883.11,1,7.15,147.1,2,23,0
MAT-2024-0207,0,0,4.0,75.0,0.0,-0.75,58.69,239,424.13,2,-10.49,121.68,8,24,0
MAT-2024-0208,0,0,1.66,33.11,11.0,2.32,52.3,247,818.39,7,3.04,121.32,10,29,1
MAT-2024-0209,0,1,2.62,63.33,5.76,1.25,45.95,256,591.78,6,6.28,122.58,4,17,0
MAT-2024-0210,1,0,2.06,37.09,13.39,-0.89,32.71,225,621.25,2,-6.65,105.68,10,18,1
MAT-2024-0211,0,0,2.03,42.67,9.78,0.46,95.02,258,770.7,11,6.55,142.01,1,24,1
MAT-2024-0212,0,0,1.35,19.89,5.88,-1.27,74.95,245,642.93,4,-30.18,130.18,6,26,1
MAT-2024-0213,0,1,2.67,53.55,16.98,0.91,68.84,249,781.16,4,-4.21,129.34,3,13,0
MAT-2024-0214,0,1,3.08,65.48,29.91,0.42,53.83,246,696.56,2,53.6,122.53,5,13,0
MAT-2024-0215,0,1,2.18,26.67,6.08,1.89,26.78,266,822.45,5,40.13,119.11,4,18,1
MAT-2024-0216,0,0,1.86,48.58,29.5,0.7,41.47,244,631.22,4,13.71,116.39,5,21,1
MAT-2024-0217,0,0,3.19,64.33,9.66,-0.74,94.54,229,414.02,14,-4.74,129.62,6,26,0
MAT-2024-0218,0,0,1.67,32.67,15.45,0.98,45.86,256,761.53,10,-12.43,121.74,5,25,1
MAT-2024-0219,2,0,2.95,50.33,0.3,-0.35,65.89,247,734.48,13,21.96,125.56,4,21,0
MAT-2024-0220,0,1,1.4,32.17,19.8,-0.36,77.31,231,614.37,12,-4.57,123.92,7,20,1
MAT-2024-0221,0,2,1.75,40.67,0.0,0.74,78.37,258,867.68,13,-37.78,134.95,5,21,1
MAT-2024-0222,1,1,2.1,14.33,0.0,0.18,38.58,269,611.22,3,26.21,125.43,6,20,1
MAT-2024-0223,0,0,1.77,39.67,0.81,-0.85,46.05,234,710.78,12,-9.79,112.62,1,12,1
MAT-2024-0224,2,0,2.76,67.0,11.2,0.14,65.52,263,581.89,4,10.09,133.61,6,17,0
MAT-2024-0225,0,2,1.86,60.67,0.0,0.32,38.56,259,554.55,13,-11.57,119.42,2,19,1
MAT-2024-0226,0,1,2.24,64.11,6.4,0.65,69.23,225,736.89,14,18.11,117.89,9,25,1
MAT-2024-0227,1,1,3.1,57.67,24.85,0.53,86.92,268,632.18,9,-12.14,143.17,7,16,0
MAT-2024-0228,0,1,3.62,73.52,12.27,-0.85,78.21,222,606.9,8,10.57,121.48,6,20,0
MAT-2024-0229,1,1,2.16,42.48,8.38,0.78,44.28,274,927.93,10,-12.06,128.31,6,34,1
MAT-2024-0230,1,0,1.6,24.58,5.5,-1.85,44.0,249,598.75,12,60.07,117.8,6,15,1
MAT-2024-0231,0,1,3.15,62.33,6.66,0.31,64.73,228,566.29,6,24.52,118.89,4,18,0
MAT-2024-0232,0,1,2.14,57.33,6.25,-0.1,50.12,284,866.01,4,3.14,135.85,4,22,1
MAT-2024-0233,0,2,2.47,49.92,38.87,1.56,87.36,266,828.72,10,22.41,142.34,5,16,1
MAT-2024-0234,1,1,1.59,57.33,5.29,0.05,16.88,266,468.73,3,-40.98,115.55,6,19,1
MAT-2024-0235,0,2,2.62,56.03,7.7,1.49,95.22,240,536.57,9,23.37,135.29,6,26,1
MAT-2024-0236,1,2,3.01,60.17,2.85,-1.62,64.64,243,832.96,2,-29.16,125.66,1,12,0
MAT-2024-0237,0,1,2.85,58.71,11.5,-0.56,69.49,256,575.25,1,-12.45,133.0,4,18,1
MAT-2024-0238,2,0,3.4,67.85,25.07,0.6,30.61,251,494.0,7,30.95,114.24,3,22,1
MAT-2024-0239,1,1,2.82,59.33,0.0,-0.53,81.98,239,544.96,2,-55.3,130.99,6,21,0
MAT-2024-0240,0,1,2.55,51.58,20.42,1.86,42.66,218,717.23,6,32.69,106.06,5,21,1
MAT-2024-0241,0,1,1.44,23.1,12.15,0.27,37.19,252,748.05,10,-25.99,116.68,5,16,1
MAT-2024-0242,0,0,2.36,43.44,15.23,0.38,42.15,239,775.0,7,-35.49,114.06,5,18,1
MAT-2024-0243,1,1,3.97,76.33,18.67,-2.9,89.52,254,436.55,6,-21.45,139.21,6,17,0
MAT-2024-0244,0,1,3.17,64.67,2.89,-1.31,55.35,249,647.04,1,-0.18,124.54,4,23,0
MAT-2024-0245,1,1,4.0,81.33,5.47,0.97,92.73,218,758.3,10,-35.87,125.29,5,21,0
MAT-2024-0246,2,1,3.38,65.78,14.16,-0.28,59.39,267,792.0,2,16.46,133.16,2,15,0
MAT-2024-0247,1,2,1.29,32.67,16.66,0.5,85.74,275,781.14,6,12.45,146.1,6,22,1
MAT-2024-0248,2,2,3.2,58.81,8.81,-0.53,46.72,213,410.19,6,3.28,105.69,5,14,1
MAT-2024-0249,1,1,3.38,79.89,14.44,-0.35,63.06,239,689.66,5,36.79,122.82,9,20,0
MAT-2024-0250,0,0,3.33,60.44,13.35,-0.34,65.49,259,532.12,1,10.87,132.6,1,21,0
MAT-2024-0251,1,1,2.79,47.9,12.51,-0.5,50.9,246,596.64,12,2.8,119.36,2,25,1
MAT-2024-0252,1,2,3.24,57.56,9.01,-0.87,67.01,247,740.2,6,-20.95,127.4,3,12,0
MAT-2024-0253,2,2,2.81,59.89,8.47,0.75,56.19,256,710.89,8,37.94,126.28,6,30,1
MAT-2024-0254,2,0,2.11,44.83,16.8,-1.53,75.39,255,616.85,5,43.03,134.16,6,15,1
MAT-2024-0255,0,1,3.67,73.44,0.5,-0.54,32.24,249,491.31,13,-1.47,112.9,5,17,0
MAT-2024-0256,1,0,2.28,26.56,17.68,-0.48,63.93,234,518.47,7,32.91,120.77,4,19,1
MAT-2024-0257,0,1,3.15,71.79,16.21,2.68,57.53,249,862.87,12,-4.47,123.21,5,14,1
MAT-2024-0258,0,1,2.64,55.0,10.24,0.05,42.56,257,477.22,4,-27.46,122.02,3,13,1
MAT-2024-0259,0,2,2.01,39.33,0.0,-0.53,72.64,214,598.27,9,-9.29,115.86,6,21,1
MAT-2024-0260,2,1,2.03,50.33,0.81,-0.36,36.59,239,559.42,10,-18.42,111.24,2,27,1
MAT-2024-0261,0,0,3.38,60.89,24.04,-0.2,39.24,259,703.75,2,-8.32,121.9,4,23,1
MAT-2024-0262,2,1,2.39,54.33,11.53,-1.08,90.11,263,719.42,10,-21.09,142.24,5,25,0
MAT-2024-0263,1,1,3.27,67.33,3.88,0.68,55.56,239,698.35,6,-10.74,119.62,5,18,0
MAT-2024-0264,0,1,1.85,33.41,34.63,-0.51,93.98,241,464.55,4,28.38,136.19,6,18,1
MAT-2024-0265,0,0,3.21,60.67,0.0,1.5,39.88,245,813.72,10,-14.57,114.95,7,19,1
MAT-2024-0266,1,0,2.88,53.38,11.46,0.52,55.52,245,631.6,10,-24.78,121.21,3,21,0
MAT-2024-0267,0,1,2.39,50.26,8.59,0.37,78.53,281,432.46,3,-78.07,146.21,5,14,0
MAT-2024-0268,2,0,1.79,33.17,12.85,1.8,83.64,248,774.17,7,-49.71,134.26,6,18,1
MAT-2024-0269,0,0,3.5,76.0,18.45,-0.91,62.98,260,402.7,13,45.75,129.59,3,23,0
MAT-2024-0270,0,2,2.46,44.0,0.0,-0.82,87.03,254,624.9,9,-24.93,137.61,2,20,0
MAT-2024-0271,0,1,3.7,71.17,0.3,-0.37,74.73,222,763.43,2,28.01,121.29,7,20,0
MAT-2024-0272,0,1,3.32,65.64,11.18,1.21,77.92,253,523.51,8,-30.14,133.77,7,22,0
MAT-2024-0273,0,2,1.83,31.79,4.28,-0.5,66.27,232,532.16,2,30.4,121.91,4,19,1
MAT-2024-0274,0,1,2.49,58.33,0.0,0.45,76.29,260,756.13,6,4.51,136.32,6,18,0
MAT-2024-0275,2,1,1.31,30.17,2.49,-0.7,31.37,259,839.94,13,-9.59,116.55,3,31,1
MAT-2024-0276,0,0,2.03,43.6,26.77,0.55,34.57,259,878.0,8,26.04,118.83,7,13,1
MAT-2024-0277,1,2,2.98,66.0,0.0,0.26,85.57,227,484.19,11,-26.15,125.83,4,25,0
MAT-2024-0278,0,2,2.81,50.94,7.95,1.0,76.03,248,449.75,6,19.19,131.41,5,33,0
MAT-2024-0279,0,1,2.0,40.33,13.1,0.53,56.15,253,525.33,7,-9.15,125.26,9,18,1
MAT-2024-0280,0,2,3.07,56.33,2.78,-0.18,62.19,249,753.37,5,-45.8,126.48,4,28,0
MAT-2024-0281,0,1,3.07,62.0,6.12,-1.46,28.48,250,426.11,12,3.76,111.99,3,21,1
MAT-2024-0282,2,0,3.58,75.54,22.45,0.37,42.66,248,417.2,12,41.74,116.86,7,30,0
MAT-2024-0283,2,0,2.06,35.78,7.58,-0.0,45.06,272,781.5,3,-25.78,129.22,2,15,1
MAT-2024-0284,1,0,2.81,62.06,16.96,0.13,37.24,250,626.61,14,14.09,115.1,6,17,0
MAT-2024-0285,1,1,1.95,44.53,14.17,-2.78,81.41,240,712.36,12,-14.09,129.16,3,13,1
MAT-2024-0286,0,0,2.51,51.57,14.14,0.57,86.84,239,555.15,7,-8.59,131.94,4,18,1
MAT-2024-0287,0,0,1.67,31.67,24.02,-1.12,69.59,263,572.81,7,-6.89,134.64,2,16,1
MAT-2024-0288,1,1,3.61,71.39,24.9,-0.67,83.15,283,709.24,5,14.6,148.46,3,12,0
MAT-2024-0289,0,1,3.25,59.73,3.66,0.8,42.88,268,843.76,11,-17.23,125.15,6,28,0
MAT-2024-0290,0,1,4.0,79.62,14.67,0.95,78.46,242,399.35,7,-11.97,129.78,3,18,0
MAT-2024-0291,2,1,1.87,45.33,12.96,0.66,51.21,269,461.76,13,-14.68,128.48,6,19,1
MAT-2024-0292,2,2,2.44,47.78,11.07,0.01,41.38,255,517.44,11,-32.84,119.35,1,21,1
MAT-2024-0293,0,1,2.3,42.87,2.79,1.61,14.19,262,727.02,11,32.21,111.28,9,22,1
MAT-2024-0294,2,1,3.5,68.44,32.12,0.58,62.07,228,388.18,11,-27.59,116.83,5,23,0
MAT-2024-0295,1,1,2.4,46.43,6.94,0.09,75.76,241,819.69,2,3.02,129.3,8,28,0
MAT-2024-0296,2,0,2.98,66.29,10.74,0.86,57.34,256,794.86,3,-28.52,127.74,5,13,0
MAT-2024-0297,0,1,4.0,80.94,8.62,1.74,32.74,248,815.95,1,7.59,115.1,7,21,0
MAT-2024-0298,0,1,3.2,76.22,18.42,0.84,18.56,267,499.48,2,-0.29,116.82,5,27,0
MAT-2024-0299,1,1,2.02,36.67,5.95,-0.85,45.76,247,426.79,1,33.06,119.9,8,25,1
MAT-2024-0300,0,2,1.97,36.13,24.98,-1.14,60.29,252,379.9,3,15.79,127.32,2,27,1
MAT-2024-0301,0,0,3.41,76.21,13.5,-0.08,31.52,259,753.14,5,-0.94,118.21,3,20,1
MAT-2024-0302,0,1,2.6,52.37,10.64,0.68,67.49,258,503.05,14,-22.28,130.4,2,12,0
MAT-2024-0303,2,1,3.67,80.42,16.33,-0.46,75.88,230,681.62,1,-36.19,125.15,9,22,0
MAT-2024-0304,2,1,2.33,48.08,3.06,0.77,64.68,233,673.5,11,-23.06,119.87,8,26,1
MAT-2024-0305,0,2,3.17,68.25,10.15,-0.88,46.35,222,641.72,14,9.79,107.54,2,23,1
MAT-2024-0306,0,2,3.18,70.0,12.53,0.6,78.03,252,643.37,3,-27.22,134.41,4,20,0
MAT-2024-0307,0,0,3.52,71.17,9.16,0.2,29.05,245,748.32,11,18.92,110.42,3,28,0
MAT-2024-0308,1,2,3.16,59.33,17.84,-0.8,65.2,231,756.55,6,-7.75,120.28,7,23,0
MAT-2024-0309,1,2,2.54,50.22,46.36,-0.35,52.7,239,412.15,8,-10.4,118.08,1,19,1
MAT-2024-0310,1,0,2.99,60.1,10.37,-0.79,44.18,252,468.44,14,-36.75,118.67,3,23,1
MAT-2024-0311,0,1,3.35,68.78,30.94,-0.95,66.95,248,418.85,5,32.0,127.98,4,21,1
MAT-2024-0312,1,0,2.22,40.83,16.17,-1.27,31.09,250,815.86,4,-30.91,114.64,4,20,1
MAT-2024-0313,0,0,1.73,30.97,15.84,0.03,28.43,250,495.95,13,1.04,111.77,5,16,1
MAT-2024-0314,2,1,3.42,59.38,20.06,-0.06,96.54,259,861.65,10,-1.06,143.22,2,17,0
MAT-2024-0315,0,1,2.56,53.33,0.0,1.5,31.94,238,604.26,10,18.91,108.98,7,11,1
MAT-2024-0316,0,1,2.63,53.0,32.3,2.53,87.57,248,499.2,1,-49.27,137.03,8,23,1
MAT-2024-0317,0,0,1.97,36.87,14.45,-0.29,63.31,236,434.1,11,-9.35,120.52,4,21,1
MAT-2024-0318,0,1,3.02,62.0,5.76,0.89,52.35,245,575.84,12,42.63,119.54,6,28,1
MAT-2024-0319,0,1,2.29,46.83,7.69,-1.23,79.4,246,597.71,8,-21.67,131.56,3,13,1
MAT-2024-0320,1,0,2.66,56.67,5.54,-0.53,32.38,238,364.49,9,19.44,109.35,9,20,1
MAT-2024-0321,0,1,2.29,51.3,6.97,-0.23,27.22,216,696.83,6,-42.13,99.09,5,21,1
MAT-2024-0322,2,1,1.84,35.81,23.96,0.73,68.36,236,528.61,4,30.56,123.94,3,23,1
MAT-2024-0323,2,1,3.13,56.33,22.05,0.56,48.01,229,559.47,10,-40.34,111.8,7,13,0
MAT-2024-0324,0,1,2.45,43.87,12.61,0.59,49.77,262,742.46,4,12.7,126.91,0,18,1
MAT-2024-0325,0,0,3.08,56.78,20.4,0.25,61.05,245,669.36,3,28.1,124.82,6,25,0
MAT-2024-0326,0,1,1.64,31.4,15.34,1.26,64.9,242,369.81,6,13.55,124.56,7,17,1
MAT-2024-0327,0,0,3.11,66.52,5.87,0.91,40.9,257,840.33,3,-20.76,121.56,7,17,0
MAT-2024-0328,0,0,3.09,63.06,15.06,0.98,35.47,250,681.16,14,50.39,114.39,2,22,1
MAT-2024-0329,0,1,1.7,29.88,28.36,-1.48,95.38,248,513.29,11,-32.9,138.15,4,22,1
MAT-2024-0330,2,0,3.28,64.93,18.1,-0.16,86.31,219,454.63,8,-4.14,123.52,8,19,0
MAT-2024-0331,0,2,3.3,76.83,18.79,0.76,90.37,248,441.4,9,-22.82,136.55,7,19,0
MAT-2024-0332,0,2,2.17,41.58,10.27,-0.27,85.76,269,921.04,8,-12.91,143.3,3,14,1
MAT-2024-0333,2,1,3.13,56.56,18.06,0.09,61.46,260,490.74,12,-34.97,129.18,5,19,0
MAT-2024-0334,0,0,1.75,21.5,18.92,0.08,84.94,280,938.64,12,6.06,146.58,2,21,1
MAT-2024-0335,2,0,3.61,64.85,20.51,1.11,94.15,278,477.6,9,-35.56,150.06,4,21,0
MAT-2024-0336,1,1,1.97,40.47,12.34,-0.26,79.09,252,776.24,13,-38.81,132.84,2,16,1
MAT-2024-0337,0,1,3.04,59.57,6.42,0.79,49.65,253,736.13,1,-12.22,123.86,7,12,0
MAT-2024-0338,0,0,1.0,30.33,2.01,-0.44,94.49,275,668.13,3,42.04,150.2,3,25,1
MAT-2024-0339,0,1,3.64,72.17,11.4,-0.44,44.89,245,561.25,2,-27.53,118.56,6,25,0
MAT-2024-0340,0,1,1.88,39.7,13.13,0.9,60.52,243,733.65,6,-44.36,123.21,12,16,1
MAT-2024-0341,0,1,4.0,76.56,8.1,-1.88,30.13,230,545.3,1,-0.36,106.85,5,21,0
MAT-2024-0342,1,2,1.36,12.0,0.0,0.11,68.5,262,708.13,14,-20.74,132.4,6,21,1
MAT-2024-0343,0,1,3.59,76.93,25.83,0.46,66.21,216,508.83,1,19.15,115.68,0,31,0
MAT-2024-0344,1,2,2.02,40.5,29.05,-0.03,96.94,257,579.89,14,-10.29,141.78,4,25,1
MAT-2024-0345,2,1,3.37,65.96,7.92,2.58,48.95,265,809.19,3,-5.3,127.98,3,18,0
MAT-2024-0346,1,0,1.81,39.92,1.04,-0.23,69.49,258,519.31,9,-27.96,132.2,5,17,1
MAT-2024-0347,2,2,1.68,39.57,25.38,0.72,68.09,262,532.15,1,-11.79,134.84,5,18,1
MAT-2024-0348,2,1,1.0,22.0,12.9,1.85,84.93,246,495.15,8,19.18,133.77,2,21,1
MAT-2024-0349,0,1,2.5,49.0,20.71,-0.17,82.16,247,855.63,14,42.47,131.86,4,29,1
MAT-2024-0350,2,0,3.67,67.08,8.05,1.01,89.2,233,519.2,5,-32.15,130.88,6,20,0
MAT-2024-0351,1,0,2.63,48.67,9.06,-0.94,60.77,240,381.63,14,-19.94,120.51,3,24,1
MAT-2024-0352,0,1,4.0,87.0,15.21,-0.26,43.3,241,744.29,10,-47.45,114.72,5,20,0
MAT-2024-0353,0,1,2.75,54.67,20.91,0.66,71.54,241,735.82,11,4.48,125.82,7,19,1
MAT-2024-0354,0,2,3.07,55.17,4.6,-1.69,54.29,249,608.24,10,64.96,122.32,3,20,0
MAT-2024-0355,0,1,3.66,72.67,20.95,0.52,86.64,261,826.61,3,-16.79,141.46,4,17,0
MAT-2024-0356,0,2,2.65,51.0,32.49,-0.41,22.08,257,597.16,12,10.06,112.23,5,17,1
MAT-2024-0357,1,1,2.43,47.52,22.4,1.06,63.33,243,841.6,12,-1.02,123.13,3,29,1
MAT-2024-0358,0,1,3.14,79.17,0.9,-0.63,50.7,261,594.76,11,18.72,125.48,10,16,0
MAT-2024-0359,0,2,1.98,46.4,8.06,1.28,96.81,285,927.34,3,19.95,155.12,5,26,0
MAT-2024-0360,0,2,2.9,56.67,8.52,-0.45,73.66,283,600.62,5,12.38,144.66,3,14,0
MAT-2024-0361,1,2,3.56,48.67,0.0,0.96,67.42,225,488.13,6,7.68,118.77,7,21,1
MAT-2024-0362,0,0,2.66,36.33,15.23,0.24,54.19,249,640.74,8,21.15,122.68,7,24,1
MAT-2024-0363,0,1,3.18,47.67,0.0,0.58,69.11,279,839.12,5,34.44,141.24,5,19,0
MAT-2024-0364,1,2,1.9,34.81,14.53,0.28,63.67,231,353.07,7,-10.16,119.47,5,12,1
MAT-2024-0365,2,0,3.07,57.86,23.54,-1.24,74.76,244,499.57,9,42.33,128.7,5,15,1
MAT-2024-0366,1,0,3.4,68.22,4.39,-2.05,94.42,276,540.04,12,-24.28,148.77,4,19,0
MAT-2024-0367,0,1,2.57,48.78,2.06,0.13,40.86,255,702.64,3,-39.77,120.74,2,21,1
MAT-2024-0368,0,1,1.57,44.67,0.0,-1.14,72.16,254,880.4,1,7.39,133.26,4,27,1
MAT-2024-0369,0,1,2.01,42.83,13.47,0.16,70.25,266,538.64,3,15.65,136.9,3,20,1
MAT-2024-0370,2,0,3.03,53.58,13.43,-0.81,41.68,240,834.08,14,31.89,112.87,2,29,1
MAT-2024-0371,1,1,3.13,72.42,12.79,0.35,47.76,267,873.93,13,0.93,126.3,9,14,0
MAT-2024-0372,1,1,1.31,24.63,3.55,-0.61,68.92,230,432.75,3,2.97,121.97,5,23,1
MAT-2024-0373,0,0,2.71,56.67,11.12,0.5,83.44,252,606.09,2,9.16,136.78,7,13,0
MAT-2024-0374,0,1,3.52,64.17,9.31,1.84,29.08,244,527.03,9,40.47,110.43,10,19,0
MAT-2024-0375,1,2,2.6,50.3,1.64,0.59,60.76,242,378.55,7,-2.76,122.7,6,20,1
MAT-2024-0376,0,2,3.06,61.17,12.09,-0.14,71.86,253,745.3,13,-16.32,130.34,4,17,0
MAT-2024-0377,1,1,1.64,32.67,11.7,1.38,51.77,259,500.51,2,-21.08,126.91,5,14,1
MAT-2024-0378,0,0,3.79,70.81,23.55,0.12,72.76,263,511.67,5,-48.01,136.3,3,10,0
MAT-2024-0379,0,1,2.73,56.12,15.93,1.48,0.34,237,764.59,11,-18.86,95.74,8,16,1
MAT-2024-0380,0,2,3.68,69.0,2.39,-0.17,57.63,219,379.11,13,-26.76,111.05,5,12,0
MAT-2024-0381,1,0,3.11,68.61,2.47,0.01,97.17,238,595.45,2,-9.77,136.67,2,25,0
MAT-2024-0382,0,2,3.86,76.33,0.0,-0.16,63.02,272,947.78,2,-29.07,136.61,3,26,0
MAT-2024-0383,1,0,2.58,52.76,7.88,-0.83,61.99,248,648.25,7,9.2,125.6,7,16,1
MAT-2024-0384,0,1,2.11,41.87,28.39,-0.25,16.32,260,557.61,3,35.15,112.93,4,27,1
MAT-2024-0385,2,1,2.75,57.92,11.8,-0.25,49.94,270,646.65,3,-18.24,130.38,6,21,0
MAT-2024-0386,1,1,2.3,52.08,27.46,-0.13,40.51,245,545.68,7,-36.88,115.8,8,24,1
MAT-2024-0387,0,2,2.34,48.67,14.33,-0.86,69.1,229,454.95,6,-1.38,121.04,7,15,1
MAT-2024-0388,0,2,2.4,51.29,12.21,0.3,71.19,245,673.47,9,7.42,127.68,4,14,1
MAT-2024-0389,0,1,4.0,74.21,13.15,-2.8,72.87,251,578.31,3,18.58,131.95,2,28,0
MAT-2024-0390,0,2,3.3,74.33,0.0,-0.48,41.72,240,361.98,8,6.72,114.09,11,15,0
MAT-2024-0391,1,1,3.55,65.5,4.77,0.23,60.18,212,376.18,1,-12.38,111.67,4,17,0
MAT-2024-0392,0,1,3.88,72.26,9.66,1.43,22.74,226,772.93,13,-14.73,99.9,4,12,0
MAT-2024-0393,2,1,2.49,50.03,4.21,-0.24,46.98,266,670.39,14,9.9,125.39,7,16,1
MAT-2024-0394,0,0,3.9,76.44,20.92,1.2,48.98,266,546.77,2,22.66,128.59,5,21,0
MAT-2024-0395,0,0,2.84,68.89,27.42,0.9,44.27,261,621.83,13,10.82,122.51,3,17,1
MAT-2024-0396,0,1,3.83,68.11,11.8,-0.4,48.94,271,763.89,5,-4.11,129.98,11,24,0
MAT-2024-0397,1,2,2.12,44.74,19.06,-0.6,21.41,268,421.08,13,11.28,116.16,4,16,1
MAT-2024-0398,0,0,2.87,74.83,2.1,-0.18,27.53,237,646.55,6,-33.82,107.61,5,22,0
MAT-2024-0399,1,1,2.58,44.33,0.0,0.12,70.44,255,603.73,7,-9.11,131.78,2,27,0
MAT-2024-0400,0,2,2.8,60.74,14.07,-0.03,96.12,248,538.71,1,13.88,140.45,4,13,0
MAT-2024-0401,0,2,3.02,66.63,13.67,1.3,40.05,264,416.8,2,-11.77,124.22,6,25,0
MAT-2024-0402,2,1,3.29,58.0,9.36,-0.66,78.27,273,945.61,1,22.07,143.31,5,17,0
MAT-2024-0403,2,2,2.23,37.67,13.01,-0.35,74.0,275,943.85,5,-3.06,141.6,5,27,1
MAT-2024-0404,1,2,2.27,42.63,14.42,1.36,49.44,238,612.67,4,-26.2,117.18,6,18,1
MAT-2024-0405,0,0,2.57,53.92,12.89,0.77,51.81,248,780.7,4,9.6,122.12,7,23,1
MAT-2024-0406,0,0,2.92,59.64,8.67,0.5,92.69,272,545.14,12,-24.3,146.48,5,17,0
MAT-2024-0407,1,0,2.43,48.22,7.03,-0.54,32.82,264,525.26,6,-31.86,120.53,6,19,1
MAT-2024-0408,0,1,1.99,45.7,13.41,-2.03,47.31,240,754.24,12,-23.32,115.52,6,12,1
MAT-2024-0409,0,0,3.58,59.0,0.0,-1.39,67.43,273,909.36,12,-28.78,136.77,2,17,0
MAT-2024-0410,0,1,3.11,63.06,10.29,1.14,69.39,251,696.47,11,24.22,128.96,8,22,0
MAT-2024-0411,0,1,2.23,40.95,8.38,-0.37,62.78,237,540.78,10,-2.15,120.91,7,14,1
MAT-2024-0412,0,1,4.0,84.0,5.72,1.35,73.05,254,526.75,10,42.61,131.82,9,19,0
MAT-2024-0413,0,1,3.02,57.5,5.86,-1.8,32.71,255,716.56,13,4.59,115.48,4,16,0
MAT-2024-0414,0,1,3.07,60.03,8.21,1.06,36.73,259,518.34,13,-0.88,118.69,5,24,1
MAT-2024-0415,0,0,2.01,41.24,9.23,-0.67,55.6,267,563.94,11,27.27,129.84,7,24,1
MAT-2024-0416,0,1,1.35,26.83,3.52,0.64,53.4,251,743.06,5,29.09,123.76,8,21,1
MAT-2024-0417,0,1,1.93,37.78,0.54,2.01,66.09,265,919.03,3,-14.0,134.84,6,23,1
MAT-2024-0418,0,1,2.51,50.0,27.98,-0.6,42.09,226,568.27,3,-4.28,109.64,5,21,1
MAT-2024-0419,1,2,3.23,59.0,1.03,-1.11,44.91,245,500.15,10,9.88,116.96,8,22,1
MAT-2024-0420,0,1,2.61,51.8,20.61,-0.66,74.55,253,868.05,11,47.99,131.82,7,12,1
MAT-2024-0421,0,2,2.06,40.71,8.63,1.45,77.33,228,569.92,12,5.14,122.73,9,18,1
MAT-2024-0422,2,1,2.26,45.11,9.51,-1.04,61.22,234,365.66,5,21.3,120.09,3,23,1
MAT-2024-0423,0,1,3.15,57.5,7.02,-1.04,66.36,228,400.87,5,12.67,119.74,4,20,0
MAT-2024-0424,0,1,2.26,48.92,3.34,0.26,55.33,256,660.51,4,13.7,126.73,6,9,1
MAT-2024-0425,0,0,2.1,31.11,4.03,0.1,27.37,247,841.56,8,-20.46,111.15,4,22,1
MAT-2024-0426,2,1,2.2,39.0,15.1,-1.78,73.17,237,397.03,12,-19.07,124.67,5,17,1
MAT-2024-0427,0,1,3.06,62.8,6.37,0.24,74.4,270,474.13,2,-20.52,140.36,2,19,0
MAT-2024-0428,0,0,3.32,66.67,18.18,-0.89,50.23,252,481.83,7,61.75,122.49,1,21,0
MAT-2024-0429,0,0,4.0,78.38,14.3,-1.47,61.97,263,418.29,5,-19.49,131.99,3,22,0
MAT-2024-0430,0,1,2.71,63.29,17.92,0.48,61.71,256,876.09,14,-1.52,127.28,8,21,0
MAT-2024-0431,1,2,2.74,60.78,37.17,0.22,70.37,233,781.25,6,-0.32,123.15,6,14,0
MAT-2024-0432,0,1,3.17,58.76,13.0,-0.32,52.6,281,427.1,14,-35.03,133.64,6,23,0
MAT-2024-0433,0,0,2.32,42.4,9.33,1.22,75.8,233,681.38,7,4.64,125.12,5,18,0
MAT-2024-0434,1,2,3.91,81.2,4.25,0.89,69.62,237,689.22,14,-46.52,122.85,4,15,0
MAT-2024-0435,2,1,2.89,58.67,23.04,-1.56,82.57,242,451.42,7,-15.66,131.43,2,17,0
MAT-2024-0436,0,0,2.95,59.33,12.31,-1.42,51.65,273,812.2,10,-6.0,130.86,4,22,1
MAT-2024-0437,0,2,2.86,52.54,15.33,-1.58,85.86,242,793.27,13,9.4,131.54,7,21,0
MAT-2024-0438,1,2,4.0,83.83,7.6,0.16,60.93,240,492.85,11,45.21,121.17,6,29,0
MAT-2024-0439,0,1,2.73,53.67,11.23,1.21,57.47,233,737.6,7,32.47,117.79,4,17,1
MAT-2024-0440,0,1,2.72,36.33,19.36,1.93,85.38,270,465.1,14,7.42,142.35,5,17,1
MAT-2024-0441,1,1,3.8,76.26,15.92,0.85,93.09,238,552.8,3,58.29,134.84,6,19,0
MAT-2024-0442,2,2,3.01,58.52,9.36,0.51,60.6,254,541.6,12,-25.23,126.44,6,20,1
MAT-2024-0443,1,1,3.15,56.83,3.06,0.45,64.24,233,460.0,12,7.53,119.5,4,14,0
MAT-2024-0444,0,1,2.33,45.67,8.77,-1.37,33.71,258,411.94,12,5.69,117.28,3,22,1
MAT-2024-0445,1,1,4.0,87.28,16.18,0.8,67.38,258,511.7,10,16.29,131.15,6,15,0
MAT-2024-0446,0,1,1.68,30.93,9.17,1.25,81.61,249,399.52,7,35.43,133.84,6,24,1
MAT-2024-0447,1,0,2.84,55.18,9.73,0.37,47.97,234,611.62,11,-6.89,113.59,4,22,1
MAT-2024-0448,2,1,3.52,61.33,1.42,-0.24,26.26,258,716.4,6,15.15,115.5,5,16,1
MAT-2024-0449,0,1,3.5,61.11,3.84,-0.01,73.62,263,693.38,4,-0.5,136.85,4,13,0
MAT-2024-0450,0,2,2.31,45.48,12.96,0.89,29.89,245,515.47,11,7.09,110.76,7,14,1
MAT-2024-0451,2,2,3.91,61.0,0.0,0.06,16.61,247,421.29,3,19.09,107.84,1,18,1
MAT-2024-0452,1,2,2.37,48.67,22.91,-0.51,91.9,267,577.41,13,-15.48,143.96,7,20,1
MAT-2024-0453,1,2,3.36,39.0,11.56,-0.75,61.4,235,711.77,1,14.11,121.36,5,17,0
MAT-2024-0454,0,0,4.0,85.44,10.58,2.01,85.42,235,403.51,9,-2.44,129.37,6,16,0
MAT-2024-0455,0,0,3.03,67.04,9.46,-0.21,69.06,237,392.52,8,-25.93,123.82,3,23,0
MAT-2024-0456,2,1,2.42,45.47,30.15,1.22,72.75,226,385.84,8,39.39,120.9,3,17,1
MAT-2024-0457,0,0,1.92,36.58,12.47,1.47,37.25,276,840.43,10,-40.14,126.3,6,15,1
MAT-2024-0458,0,1,1.92,28.93,39.04,-1.6,73.12,280,775.36,5,37.38,143.25,10,32,1
MAT-2024-0459,1,0,2.07,37.96,7.29,0.68,38.46,262,403.42,1,-13.17,122.98,3,14,1
MAT-2024-0460,0,1,2.76,61.33,0.0,-1.73,48.7,256,538.99,11,-23.17,122.68,4,18,0
MAT-2024-0461,2,0,1.98,46.33,26.69,1.19,67.61,247,718.68,14,-18.98,126.04,3,26,1
MAT-2024-0462,0,0,4.0,81.59,8.45,0.31,45.57,245,807.23,2,24.77,118.83,5,26,0
MAT-2024-0463,0,0,2.51,44.77,25.18,-0.72,56.78,272,849.7,10,-31.11,132.51,3,31,1
MAT-2024-0464,2,2,2.26,52.33,11.43,1.11,63.51,241,728.9,10,-42.98,122.8,7,24,0
MAT-2024-0465,0,1,3.71,76.38,7.71,0.68,45.8,233,439.41,7,75.73,113.12,4,14,0
MAT-2024-0466,1,1,3.16,66.62,11.37,-1.01,60.12,265,866.77,12,-68.27,130.65,4,23,0
MAT-2024-0467,0,2,2.72,59.2,15.72,0.13,34.79,274,949.46,11,-30.84,124.32,3,18,1
MAT-2024-0468,0,2,2.58,58.23,3.16,0.81,54.0,254,456.76,8,21.93,124.6,8,24,1
MAT-2024-0469,0,1,1.85,37.87,10.82,-0.64,80.14,252,795.17,3,47.85,135.26,4,21,1
MAT-2024-0470,2,2,3.11,67.83,11.63,-1.29,89.72,243,799.01,8,-5.68,134.49,5,26,0
MAT-2024-0471,0,1,2.51,54.58,10.59,0.16,71.71,276,472.12,5,-8.21,141.08,4,23,1
MAT-2024-0472,1,1,2.35,44.07,9.56,0.18,75.9,245,610.01,3,6.19,130.76,4,18,0
MAT-2024-0473,0,1,2.09,52.08,15.3,1.78,88.04,257,628.58,6,7.69,139.82,10,14,1
MAT-2024-0474,0,2,1.35,28.25,14.92,1.32,85.2,272,593.83,6,-29.81,144.68,2,14,1
MAT-2024-0475,0,0,3.56,72.56,6.76,0.63,76.72,241,369.77,1,13.29,129.89,10,18,0
MAT-2024-0476,0,2,3.09,57.79,17.31,1.6,68.93,256,777.43,2,21.31,132.57,7,18,1
MAT-2024-0477,1,0,2.6,38.62,14.28,-0.34,49.22,256,834.75,13,13.68,122.49,3,23,1
MAT-2024-0478,1,0,2.33,47.33,7.84,-0.97,86.61,252,838.76,1,-34.37,138.24,9,18,1
MAT-2024-0479,1,0,2.34,43.58,4.83,1.42,42.9,238,795.14,14,-22.78,112.56,5,24,1
MAT-2024-0480,1,1,2.89,56.55,13.08,0.9,68.09,254,774.62,6,1.45,130.64,5,20,1
MAT-2024-0481,2,1,3.49,70.0,11.02,0.31,90.34,245,511.36,2,0.4,136.74,1,17,0
MAT-2024-0482,0,0,2.54,65.11,9.24,0.51,82.69,263,572.6,8,42.3,139.68,7,21,1
MAT-2024-0483,1,1,3.35,62.76,15.29,-0.86,74.5,228,432.9,13,-10.02,121.4,3,25,1
MAT-2024-0484,0,1,3.46,68.17,9.68,-0.12,62.81,203,409.07,7,15.51,107.92,5,28,0
MAT-2024-0485,0,0,3.83,72.89,6.41,-1.93,77.25,249,435.46,6,25.16,132.3,6,19,0
MAT-2024-0486,0,2,2.21,48.92,4.16,-1.6,72.07,250,710.75,10,-35.24,129.83,2,21,1
MAT-2024-0487,1,1,2.78,55.27,16.74,0.7,65.96,237,714.94,11,-13.65,121.98,6,23,0
MAT-2024-0488,0,1,2.86,55.19,12.08,0.44,89.98,246,727.06,10,29.57,135.39,5,15,1
MAT-2024-0489,1,1,3.11,60.1,21.09,-0.19,81.23,225,382.51,10,19.6,123.49,4,22,0
MAT-2024-0490,0,0,3.54,72.67,10.19,-0.15,79.98,257,455.86,11,30.72,135.59,3,19,0
MAT-2024-0491,0,1,2.71,55.62,8.26,0.31,74.4,251,472.53,1,10.83,132.96,9,24,0
MAT-2024-0492,0,2,2.9,61.33,0.0,-0.53,69.94,257,767.34,9,-26.96,131.98,5,20,1
MAT-2024-0493,0,0,3.36,65.33,6.01,-0.1,26.85,223,412.93,3,-42.84,102.34,2,24,0
MAT-2024-0494,0,0,2.92,62.43,14.15,-1.63,65.56,233,405.29,11,27.43,120.22,4,16,0
MAT-2024-0495,2,2,2.88,51.93,5.53,0.84,77.7,247,861.53,2,-14.59,132.48,4,18,1
MAT-2024-0496,0,1,3.97,78.78,4.05,2.17,64.68,221,682.96,6,10.41,116.07,0,21,0
MAT-2024-0497,1,1,1.01,24.75,24.16,-2.34,55.66,267,769.7,4,-9.9,131.26,8,18,1
MAT-2024-0498,0,1,2.93,50.67,9.61,-1.77,87.27,258,496.98,3,-41.51,140.51,5,21,0
MAT-2024-0499,0,2,2.23,45.23,18.55,-0.31,66.34,254,583.38,14,-42.11,128.34,8,20,1
MAT-2024-0500,0,2,4.0,82.17,11.58,0.65,72.07,244,620.86,13,19.56,126.83,8,15,0
MAT-2024-0501,0,2,3.39,60.33,11.08,1.0,45.65,245,541.79,2,19.55,118.86,5,12,0
MAT-2024-0502,2,1,1.67,33.93,9.14,0.7,76.57,253,832.03,2,-2.26,134.43,4,25,1
MAT-2024-0503,0,2,3.35,73.17,6.96,-0.36,68.38,236,695.09,2,10.85,124.35,7,17,0
MAT-2024-0504,0,2,1.4,32.27,13.43,-1.51,61.6,256,737.59,12,-3.76,127.64,2,25,1
MAT-2024-0505,0,1,2.41,50.0,8.58,0.53,36.58,240,717.25,3,12.83,113.03,5,29,1
MAT-2024-0506,1,1,2.69,51.89,11.44,0.59,78.65,261,858.85,3,5.62,138.26,4,24,0
MAT-2024-0507,2,1,2.97,56.71,18.16,0.98,85.33,262,571.85,10,-9.48,139.93,2,20,0
MAT-2024-0508,0,1,3.02,66.5,3.42,1.28,55.14,247,505.65,10,14.95,121.86,6,22,0
MAT-2024-0509,0,1,3.38,76.83,14.06,0.91,50.3,231,456.01,8,11.32,113.92,3,18,0
MAT-2024-0510,0,1,2.5,73.33,0.0,0.05,83.94,245,686.38,9,53.54,132.78,7,28,0
MAT-2024-0511,0,2,3.18,58.42,4.15,-1.83,54.75,240,556.36,6,17.14,119.7,2,21,1
MAT-2024-0512,0,1,2.76,69.67,0.04,0.44,65.36,253,584.6,10,16.38,128.34,7,19,0
MAT-2024-0513,1,2,2.56,60.07,13.51,-0.53,89.35,240,390.72,6,20.75,133.54,6,27,0
MAT-2024-0514,0,0,3.26,71.33,12.12,-0.73,83.38,271,561.05,10,-9.87,142.75,4,20,0
MAT-2024-0515,0,1,3.06,58.89,3.15,1.53,52.88,219,358.51,2,23.67,111.35,7,20,0
MAT-2024-0516,1,2,1.79,52.33,0.0,1.65,63.61,242,383.03,11,-35.64,123.04,4,15,0
MAT-2024-0517,0,0,2.7,69.67,0.0,-0.01,53.83,253,784.24,7,5.49,124.33,1,19,0
MAT-2024-0518,1,1,4.0,72.56,12.49,-2.67,67.28,254,756.3,5,-23.72,130.51,4,18,0
MAT-2024-0519,0,0,2.57,45.33,0.64,-0.76,54.97,238,748.36,1,-9.98,119.99,4,17,1
MAT-2024-0520,0,0,2.88,61.0,27.1,-1.09,87.61,277,511.39,12,-16.36,146.44,5,20,0
MAT-2024-0521,0,1,1.68,41.33,36.7,1.47,22.05,248,460.1,1,2.62,110.82,10,23,1
MAT-2024-0522,2,0,2.7,45.39,4.51,-1.61,65.09,259,617.02,9,31.32,130.84,4,11,0
MAT-2024-0523,2,1,3.67,68.91,11.35,1.14,71.76,236,646.98,11,-34.52,123.9,3,24,0
MAT-2024-0524,0,0,3.25,71.83,1.48,-1.58,94.74,269,427.59,8,-3.36,146.9,8,11,0
MAT-2024-0525,0,1,3.26,60.58,8.02,-0.98,47.72,232,482.83,13,-63.26,112.29,4,20,0
MAT-2024-0526,1,1,2.18,47.0,4.84,0.05,55.28,241,483.31,8,-40.2,119.91,4,25,1
MAT-2024-0527,0,1,2.93,56.0,20.54,0.59,40.48,238,576.91,10,10.31,112.39,4,27,1
MAT-2024-0528,1,1,4.0,82.67,5.09,1.01,97.05,257,753.86,14,-2.09,141.82,6,30,0
MAT-2024-0529,0,2,1.67,36.13,9.16,0.87,47.41,244,782.23,13,15.54,116.96,2,13,1
MAT-2024-0530,0,2,2.53,55.75,6.48,0.73,78.75,258,583.87,8,17.35,136.1,5,23,0
MAT-2024-0531,0,1,2.88,64.72,2.84,0.29,44.64,241,548.48,7,-29.04,115.86,4,18,1
MAT-2024-0532,1,2,2.81,37.67,0.0,1.64,37.57,275,521.17,4,5.56,127.23,3,13,1
MAT-2024-0533,0,2,2.35,55.33,22.06,0.02,40.7,239,737.7,12,15.44,112.48,1,18,1
MAT-2024-0534,0,1,2.5,46.67,2.25,-0.5,78.82,285,769.42,14,-29.11,145.73,5,22,1
MAT-2024-0535,0,2,1.93,33.17,10.77,-1.37,62.48,244,654.17,9,27.21,123.79,9,16,1
MAT-2024-0536,0,1,1.87,38.64,22.73,1.04,23.07,232,391.24,13,-2.17,102.43,5,23,1
MAT-2024-0537,2,1,2.28,39.17,0.2,0.41,84.02,271,690.8,14,-26.31,142.21,5,12,1
MAT-2024-0538,0,1,3.67,69.17,0.9,-0.53,91.97,202,462.63,9,-3.56,118.79,4,23,0
MAT-2024-0539,0,0,2.18,60.0,0.0,-1.75,54.13,247,612.76,3,-33.55,122.85,4,17,1
MAT-2024-0540,0,2,3.3,66.77,35.51,-0.77,33.98,251,639.42,7,-53.9,115.59,6,25,1
MAT-2024-0541,0,1,2.85,69.0,26.41,-0.55,57.53,261,416.63,11,18.35,128.21,0,16,0
MAT-2024-0542,0,1,2.42,59.11,8.42,1.32,33.88,240,381.47,6,2.38,111.35,6,20,1
MAT-2024-0543,0,1,2.83,57.3,6.99,-0.3,97.0,255,431.45,4,11.59,143.0,5,17,0
MAT-2024-0544,0,1,2.14,39.78,0.25,2.8,77.93,257,466.57,11,10.34,134.77,11,15,1
MAT-2024-0545,0,2,2.49,48.07,20.59,-0.71,48.77,235,594.19,1,16.39,116.31,7,20,1
MAT-2024-0546,2,2,2.19,34.44,16.24,0.62,62.05,264,701.26,13,-7.08,130.82,4,24,1
MAT-2024-0547,2,0,3.26,62.33,0.0,1.22,59.89,262,473.61,8,21.56,130.16,4,20,0
MAT-2024-0548,0,1,2.69,60.2,12.6,-0.17,88.27,250,669.22,13,-48.36,135.71,7,14,0
MAT-2024-0549,0,0,2.87,69.33,0.01,0.53,61.69,286,469.42,11,30.63,139.88,8,24,0
MAT-2024-0550,2,1,2.85,59.42,1.3,-0.31,48.98,274,617.32,14,-20.78,129.39,6,23,0
MAT-2024-0551,1,0,1.5,27.4,16.15,0.29,79.26,236,591.93,7,10.07,127.7,9,18,1
MAT-2024-0552,0,1,3.85,74.61,14.48,1.05,55.18,274,693.34,10,30.38,132.67,6,23,1
MAT-2024-0553,0,2,2.43,43.78,11.91,-0.35,16.21,232,760.78,11,-2.83,100.08,5,23,1
MAT-2024-0554,1,1,2.81,43.0,0.0,-0.57,95.07,270,491.63,2,-1.79,148.63,2,17,0
MAT-2024-0555,2,2,2.76,51.38,18.12,0.42,52.83,273,648.87,5,-13.4,132.33,7,18,0
MAT-2024-0556,1,0,3.43,68.33,10.7,1.24,55.65,237,695.65,13,13.29,117.46,5,21,0
MAT-2024-0557,2,1,2.95,57.48,4.82,1.63,62.4,255,673.33,4,25.7,129.16,3,29,0
MAT-2024-0558,1,1,2.46,48.0,24.32,-0.61,75.3,250,444.02,9,9.18,131.32,7,22,0
MAT-2024-0559,2,1,3.51,61.58,7.4,-0.07,83.1,266,517.62,14,-20.99,139.84,4,17,0
MAT-2024-0560,1,2,2.7,40.22,0.04,0.09,46.15,236,698.06,14,-19.84,113.06,11,16,1
MAT-2024-0561,0,0,2.41,57.0,17.13,-0.58,89.43,235,689.55,11,-15.82,130.57,3,17,1
MAT-2024-0562,2,2,2.44,51.27,13.12,-0.33,41.33,237,754.24,8,32.8,112.73,7,16,1
MAT-2024-0563,1,2,3.02,52.33,3.78,-0.72,83.16,233,548.31,7,41.94,128.06,4,25,0
MAT-2024-0564,1,1,2.84,60.08,6.7,1.14,77.41,260,616.7,9,-5.05,136.16,6,21,0
MAT-2024-0565,1,0,2.91,62.24,12.79,1.38,40.42,255,587.24,10,1.79,119.17,2,29,0
MAT-2024-0566,0,1,1.83,45.0,7.29,-0.91,67.78,238,699.74,5,23.86,124.31,6,24,1
MAT-2024-0567,1,0,3.26,56.0,0.0,-1.49,61.92,253,844.05,10,-16.73,126.97,5,13,0
MAT-2024-0568,0,0,1.87,36.0,5.29,0.89,55.39,230,395.89,4,-0.39,116.36,7,20,1
MAT-2024-0569,0,0,2.1,41.57,16.96,-0.56,50.93,239,834.53,10,-1.31,116.97,1,20,1
MAT-2024-0570,1,1,2.84,66.67,0.0,0.64,72.05,250,586.59,13,-5.94,129.22,0,20,0
MAT-2024-0571,1,1,2.82,86.33,0.0,-0.94,72.65,235,499.41,13,35.16,123.46,3,21,0
MAT-2024-0572,1,1,2.8,48.73,15.31,0.36,56.96,269,501.8,7,1.92,131.98,5,19,1
MAT-2024-0573,0,1,3.32,73.67,34.01,-1.58,76.58,275,692.31,4,-31.64,142.83,8,16,0
MAT-2024-0574,0,1,2.79,45.5,0.2,0.18,74.4,251,602.74,5,-17.99,132.16,6,23,1
MAT-2024-0575,1,2,1.9,37.27,15.05,0.3,39.08,244,498.36,9,-30.68,114.43,4,18,1
MAT-2024-0576,1,2,3.17,63.0,7.15,-0.88,66.23,244,607.5,10,-20.63,125.09,4,20,0
MAT-2024-0577,0,1,3.79,67.33,29.07,2.11,56.87,267,679.59,14,-21.64,129.75,5,23,0
MAT-2024-0578,2,0,3.71,74.0,0.0,0.87,68.25,229,585.86,13,18.31,119.3,8,31,0
MAT-2024-0579,0,1,3.57,72.83,15.49,-0.33,63.13,255,482.76,7,-10.34,128.85,6,16,0
MAT-2024-0580,2,1,3.09,60.75,0.91,-0.21,73.66,233,656.17,7,44.77,124.26,6,23,1
MAT-2024-0581,0,1,2.86,54.18,21.28,1.52,52.26,255,665.96,8,31.05,124.3,3,16,1
MAT-2024-0582,0,1,2.26,48.33,20.62,-0.72,62.8,235,486.18,14,-41.24,119.32,3,17,1
MAT-2024-0583,1,1,2.15,44.12,7.83,-0.13,91.25,252,666.79,6,6.96,139.1,5,25,1
MAT-2024-0584,2,1,2.18,43.85,7.41,0.13,19.85,238,556.56,8,38.45,104.54,5,27,1
MAT-2024-0585,0,0,1.81,41.78,9.05,1.49,75.5,275,478.71,5,-15.53,142.2,1,21,1
MAT-2024-0586,0,0,3.62,66.0,0.0,0.58,54.42,244,447.28,7,16.21,120.97,2,25,0
MAT-2024-0587,0,0,2.92,59.7,5.47,0.59,70.04,260,870.62,5,-46.92,134.02,6,22,1
MAT-2024-0588,1,1,2.16,34.08,7.27,-0.18,87.59,249,797.51,12,14.27,135.24,4,23,0
MAT-2024-0589,2,0,3.1,65.48,18.12,-0.09,67.8,250,387.03,14,-60.48,127.32,5,17,0
MAT-2024-0590,2,1,2.72,64.83,0.72,0.45,34.0,238,809.35,14,-0.58,109.0,7,18,0
MAT-2024-0591,1,2,3.6,71.26,17.19,0.9,33.31,259,759.57,9,-38.02,118.12,3,25,1
MAT-2024-0592,0,0,3.8,77.37,13.44,1.48,51.97,250,398.26,14,-41.59,120.99,4,21,0
MAT-2024-0593,0,1,2.79,56.83,0.2,1.79,59.67,262,855.63,8,-18.51,130.07,6,27,1
MAT-2024-0594,0,2,2.57,60.0,7.47,1.39,95.22,247,650.97,12,-5.5,137.49,5,16,1
MAT-2024-0595,0,0,3.1,63.79,11.94,1.16,75.22,266,569.56,9,-27.73,137.69,5,15,0
MAT-2024-0596,0,0,2.44,44.38,14.73,-1.05,52.6,239,365.36,12,-10.67,117.24,2,13,1
MAT-2024-0597,1,0,2.21,30.67,0.0,0.16,62.56,248,421.05,13,-63.87,124.62,6,21,1
MAT-2024-0598,2,2,2.25,52.67,14.29,0.45,84.48,250,478.33,1,-14.44,136.59,7,22,1
MAT-2024-0599,2,0,2.85,64.11,8.7,-0.43,40.69,261,541.51,7,-46.16,122.28,6,24,1
MAT-2024-0600,0,0,2.4,46.11,4.19,-1.21,56.45,227,659.35,1,0.73,116.18,9,22,1
MAT-2024-0601,0,0,3.91,74.79,15.91,0.9,72.81,257,497.56,6,28.49,133.72,2,16,0
MAT-2024-0602,0,1,3.16,74.17,18.06,0.35,70.71,244,445.82,1,-14.7,128.68,5,27,0
MAT-2024-0603,1,1,2.89,54.96,16.26,-1.44,57.69,255,779.27,6,-16.12,126.88,7,24,1
MAT-2024-0604,0,2,3.19,65.25,10.64,-0.33,85.88,230,772.65,13,-27.1,126.75,7,26,0
MAT-2024-0605,0,1,2.4,56.42,25.66,0.13,72.97,229,655.48,3,13.79,123.19,6,20,0
MAT-2024-0606,0,2,3.32,69.67,14.3,0.31,51.33,246,464.96,6,24.69,120.73,9,20,0
MAT-2024-0607,0,2,2.15,45.97,7.46,0.1,91.03,232,669.21,9,-9.57,130.41,6,20,1
MAT-2024-0608,0,1,2.76,56.33,12.4,0.66,59.2,260,649.04,8,-21.21,129.08,7,24,1
MAT-2024-0609,0,2,1.9,43.92,17.54,-2.82,63.84,276,823.51,14,-28.54,136.14,5,11,1
MAT-2024-0610,1,2,2.03,38.73,2.71,0.48,59.72,255,588.84,3,-3.23,128.29,9,25,1
MAT-2024-0611,0,2,3.22,68.5,6.15,-0.1,18.69,251,576.2,13,10.55,108.28,0,21,0
MAT-2024-0612,1,1,3.41,65.4,18.2,-0.16,61.38,263,804.72,13,-23.1,130.15,2,7,0
MAT-2024-0613,0,1,3.27,64.67,10.77,-2.07,81.22,215,449.32,4,-10.51,120.69,4,27,0
MAT-2024-0614,1,0,2.01,37.52,8.9,1.3,69.41,272,703.35,14,-10.61,136.76,8,19,1
MAT-2024-0615,1,2,3.11,58.43,7.8,0.67,66.12,257,660.69,3,-21.98,131.65,3,15,0
MAT-2024-0616,1,0,3.65,73.8,10.03,1.18,89.98,260,882.88,13,13.71,140.39,2,15,0
MAT-2024-0617,1,0,1.66,37.11,8.6,-1.01,92.67,260,771.84,9,-14.45,142.27,4,22,1
MAT-2024-0618,1,2,1.71,40.07,16.84,0.43,82.79,241,638.43,9,-22.46,130.72,2,23,1
MAT-2024-0619,0,1,3.33,71.29,9.34,-0.06,57.3,247,398.58,4,-20.29,123.92,4,21,0
MAT-2024-0620,0,0,2.35,50.17,2.89,0.78,31.7,245,740.61,12,27.44,111.28,5,14,1
MAT-2024-0621,1,1,3.53,67.79,8.56,-0.49,32.04,230,692.46,1,-16.51,107.62,1,19,0
MAT-2024-0622,0,2,2.66,57.2,10.6,-1.25,50.06,242,704.72,10,-29.97,117.82,10,23,1
MAT-2024-0623,1,2,2.37,45.67,7.01,0.27,46.28,257,746.58,8,51.44,122.71,5,20,0
MAT-2024-0624,0,2,2.95,58.22,11.69,0.52,50.57,278,748.97,12,-52.32,132.03,6,25,0
MAT-2024-0625,0,1,2.83,64.92,3.45,-0.34,27.25,246,623.25,12,-22.7,109.9,6,21,1
MAT-2024-0626,0,0,2.83,58.0,7.84,0.33,68.93,237,571.34,1,-16.98,125.17,5,24,0
MAT-2024-0627,0,1,2.09,45.63,25.39,-1.48,57.84,248,650.59,14,-41.35,122.54,5,26,1
MAT-2024-0628,0,1,3.02,59.46,9.3,-1.06,66.63,233,518.09,10,-30.32,120.85,7,24,0
MAT-2024-0629,1,0,2.92,67.56,18.35,1.7,44.26,259,742.47,8,18.27,122.7,4,19,0
MAT-2024-0630,2,1,3.66,72.33,2.69,-0.08,62.91,256,831.51,6,-25.63,129.36,5,23,0
MAT-2024-0631,0,0,2.49,48.67,31.36,-0.04,64.82,233,745.77,6,1.61,120.93,3,29,1
MAT-2024-0632,0,0,2.46,53.95,2.47,1.03,75.76,264,739.29,2,23.76,138.5,6,24,1
MAT-2024-0633,0,2,2.69,49.33,0.0,1.0,89.88,264,512.81,3,-14.21,143.95,8,21,0
MAT-2024-0634,2,1,3.09,40.92,21.28,0.24,81.64,264,580.97,11,-35.76,139.06,4,26,1
MAT-2024-0635,2,0,3.06,60.93,4.57,0.78,38.89,271,525.6,7,63.55,125.56,3,28,0
MAT-2024-0636,0,0,3.12,53.56,39.26,-1.15,27.93,238,517.1,10,23.77,107.37,8,21,1
MAT-2024-0637,1,2,3.88,81.43,10.88,1.75,57.29,251,683.98,7,7.98,124.92,4,23,0
MAT-2024-0638,0,2,3.99,87.29,7.02,1.34,81.51,252,486.01,14,19.08,133.6,4,15,0
MAT-2024-0639,0,1,2.6,48.29,8.76,-0.38,65.54,273,671.26,3,12.84,137.82,5,19,0
MAT-2024-0640,0,1,2.65,54.78,10.51,0.16,81.89,221,540.79,9,11.29,122.36,4,21,1
MAT-2024-0641,2,1,2.63,63.67,0.0,0.85,60.68,255,788.97,9,-17.12,127.47,5,19,0
MAT-2024-0642,2,1,3.37,85.67,0.0,-0.0,85.53,241,411.4,2,-32.95,133.21,6,17,0
MAT-2024-0643,1,0,4.0,89.83,2.1,-0.16,41.87,255,625.49,12,-24.4,119.35,4,10,0
MAT-2024-0644,0,0,2.34,50.33,0.0,-0.28,29.26,243,669.85,4,-2.48,111.1,7,18,1
MAT-2024-0645,2,1,2.44,28.33,9.61,0.1,50.42,245,379.4,7,-25.04,119.77,7,32,1
MAT-2024-0646,0,1,3.26,56.43,21.02,-1.49,80.93,268,462.42,10,-4.39,140.57,5,19,1
MAT-2024-0647,0,1,3.6,62.76,13.81,-2.03,60.47,253,416.08,11,-18.59,126.19,4,21,0
MAT-2024-0648,1,0,2.53,58.41,20.46,-0.31,51.95,243,606.73,8,-17.09,119.38,8,17,1
MAT-2024-0649,2,1,2.83,52.42,18.44,0.37,54.46,221,466.75,2,-14.81,112.78,2,18,0
MAT-2024-0650,1,1,2.88,58.33,4.74,-0.66,70.62,269,500.02,8,28.19,137.25,3,29,0
MAT-2024-0651,1,0,3.28,76.08,19.67,0.29,74.84,277,535.8,3,10.56,143.14,5,13,0
MAT-2024-0652,0,0,2.34,47.0,0.0,-0.9,44.26,245,818.39,13,13.16,116.1,7,16,1
MAT-2024-0653,1,1,2.88,54.82,23.25,0.53,69.3,251,722.62,6,23.71,129.92,4,28,1
MAT-2024-0654,0,2,1.99,44.58,9.77,-0.1,53.45,268,405.43,9,14.22,129.78,2,15,1
MAT-2024-0655,0,1,2.64,51.15,15.03,-0.77,24.29,245,378.35,9,-28.71,108.92,5,24,1
MAT-2024-0656,0,1,2.3,47.08,6.17,-1.33,61.0,257,851.05,5,6.14,129.2,8,21,1
MAT-2024-0657,0,1,3.24,70.48,15.08,-0.74,31.62,251,410.17,7,23.57,114.65,4,22,0
MAT-2024-0658,2,2,1.41,45.22,16.07,0.94,58.29,228,788.24,4,-41.82,116.72,6,21,1
MAT-2024-0659,1,0,3.43,66.22,12.68,-0.12,38.0,238,725.57,7,10.13,112.0,4,27,0
MAT-2024-0660,0,1,3.46,72.38,14.95,2.63,92.73,263,908.76,10,-4.3,143.29,3,17,0
MAT-2024-0661,2,1,1.69,34.67,11.18,0.08,70.88,270,827.82,3,2.08,138.75,4,24,1
MAT-2024-0662,0,1,3.53,71.67,16.39,-0.45,78.35,269,568.87,11,7.13,139.74,4,19,0
MAT-2024-0663,0,1,3.43,69.76,17.04,0.82,68.4,254,651.41,5,-22.48,130.96,8,22,0
MAT-2024-0664,0,2,1.62,35.09,5.82,1.82,39.93,255,570.56,10,19.86,118.97,4,18,1
MAT-2024-0665,1,0,2.73,54.22,22.57,-2.67,28.57,243,523.96,11,29.28,109.43,4,19,1
MAT-2024-0666,2,1,3.29,64.33,4.98,-0.91,27.75,248,581.86,13,3.89,110.7,6,17,1
MAT-2024-0667,0,1,1.97,43.17,31.53,0.17,34.29,226,458.96,7,3.35,105.72,3,17,1
MAT-2024-0668,0,1,3.35,68.0,9.13,-0.82,84.53,277,806.83,3,40.36,147.01,6,18,0
MAT-2024-0669,0,1,2.98,62.13,18.53,-0.1,77.38,253,572.68,13,-14.68,132.55,4,14,0
MAT-2024-0670,2,2,2.23,45.67,0.0,0.24,52.0,252,601.04,9,-7.97,122.8,6,28,1
MAT-2024-0671,1,1,1.51,32.14,11.61,-0.13,50.29,279,881.77,8,37.54,133.12,3,17,1
MAT-2024-0672,0,0,3.27,64.67,24.9,-1.69,48.24,263,797.2,14,12.14,124.7,7,16,0
MAT-2024-0673,1,0,3.31,71.72,4.59,0.81,52.24,263,754.06,14,-24.08,126.3,6,21,0
MAT-2024-0674,1,1,2.53,51.27,26.81,-0.6,75.44,263,814.9,13,13.26,135.78,6,15,1
MAT-2024-0675,0,1,2.97,57.07,12.81,0.4,66.8,280,632.36,3,13.59,141.12,7,18,0
MAT-2024-0676,0,0,3.48,70.0,2.89,-0.17,40.11,244,717.52,6,36.06,115.44,1,23,0
MAT-2024-0677,2,0,2.89,61.58,23.04,0.27,35.61,219,499.73,5,-13.02,103.84,6,18,1
MAT-2024-0678,1,2,1.07,22.75,12.46,0.83,34.68,252,597.55,5,-59.81,116.67,5,17,1
MAT-2024-0679,0,1,3.81,70.03,24.0,-1.18,53.36,252,383.54,9,23.06,123.34,5,27,0
MAT-2024-0680,0,1,2.75,58.56,13.65,-0.39,54.63,264,856.04,5,-17.93,129.45,4,27,1
MAT-2024-0681,0,1,2.43,41.1,31.24,-0.6,62.45,240,717.99,4,-7.34,123.18,4,22,1
MAT-2024-0682,2,0,1.48,28.13,14.68,-1.52,72.33,277,701.04,9,2.69,140.93,7,20,1
MAT-2024-0683,0,1,2.03,38.1,18.33,-0.2,70.49,273,512.98,14,2.05,137.6,4,14,1
MAT-2024-0684,1,2,2.66,51.67,22.46,0.55,42.8,289,493.31,14,10.06,132.92,5,10,1
MAT-2024-0685,1,1,3.78,77.94,8.53,-0.7,39.33,241,773.48,4,54.95,114.33,8,26,0
MAT-2024-0686,2,1,2.04,47.57,10.97,-1.41,33.86,229,501.66,5,-8.41,107.14,6,18,1
MAT-2024-0687,2,0,3.5,80.33,0.0,0.98,82.87,214,703.57,9,-9.44,119.95,5,15,0
MAT-2024-0688,0,1,3.64,72.89,9.08,0.04,30.2,236,574.16,2,4.92,109.08,4,19,0
MAT-2024-0689,0,1,3.53,75.0,8.07,1.21,90.12,232,769.38,5,15.27,130.85,2,24,0
MAT-2024-0690,1,0,2.39,58.89,6.14,2.18,20.97,237,699.93,4,-40.92,105.39,3,17,1
MAT-2024-0691,0,0,3.25,60.25,14.82,-0.11,48.48,294,638.55,6,-21.18,138.79,3,24,0
MAT-2024-0692,0,1,3.18,74.0,6.9,0.19,31.75,256,618.15,2,-6.75,117.7,4,18,0
MAT-2024-0693,2,1,2.81,67.2,5.96,-0.49,83.89,270,552.91,5,48.08,143.56,7,26,0
MAT-2024-0694,0,0,3.55,74.14,18.41,1.05,72.25,248,426.45,9,19.52,129.3,2,25,0
MAT-2024-0695,0,0,3.09,66.8,4.93,-0.22,88.37,242,650.84,9,-3.52,133.35,3,14,0
MAT-2024-0696,2,2,3.9,78.97,11.61,0.04,69.35,239,648.3,13,15.66,123.74,3,17,0
MAT-2024-0697,0,1,3.28,84.67,10.86,-0.82,29.14,229,364.69,13,-6.85,103.66,9,15,0
MAT-2024-0698,0,0,2.96,57.0,9.2,0.83,65.04,257,396.97,6,-24.5,130.62,6,26,0
MAT-2024-0699,0,1,2.31,51.77,18.35,-0.42,59.35,248,503.15,14,16.94,123.14,4,21,1
MAT-2024-0700,1,0,1.75,38.73,5.97,0.44,58.29,261,401.08,1,-6.7,130.52,4,16,1
MAT-2024-0701,0,0,3.04,67.22,7.39,0.28,54.02,237,610.29,8,-30.81,117.81,3,14,0
MAT-2024-0702,1,1,3.44,80.67,3.91,-0.22,61.88,252,538.44,14,2.19,125.75,7,23,0
MAT-2024-0703,1,1,2.41,49.73,7.07,-0.3,61.23,227,552.48,4,25.93,117.49,3,18,1
MAT-2024-0704,0,0,3.67,73.36,6.91,-0.56,55.82,268,840.39,10,-17.31,130.53,7,23,0
MAT-2024-0705,0,2,3.4,63.76,12.88,-2.0,60.7,248,481.53,8,11.53,124.88,5,26,0
MAT-2024-0706,0,1,2.46,63.33,0.0,1.09,75.55,262,569.61,7,12.31,136.62,4,10,0
MAT-2024-0707,0,0,2.97,66.3,7.96,-0.52,27.95,260,738.73,12,-43.76,115.78,5,23,0
MAT-2024-0708,0,0,3.65,82.0,4.84,-0.96,74.09,226,581.18,13,9.47,120.44,3,15,0
MAT-2024-0709,0,2,1.88,38.79,9.03,0.73,76.83,264,842.54,5,-45.75,138.33,6,23,1
MAT-2024-0710,1,1,2.33,49.48,16.62,-0.86,66.78,246,682.06,2,-3.17,127.71,2,21,1
MAT-2024-0711,0,1,3.1,65.0,1.96,-2.38,81.71,260,396.3,13,33.36,137.08,6,16,0
MAT-2024-0712,0,2,3.56,71.87,4.65,-0.62,6.91,237,716.33,1,30.62,100.36,2,17,1
MAT-2024-0713,0,0,2.31,40.11,3.59,1.16,65.75,257,511.89,9,14.62,130.3,5,23,1
MAT-2024-0714,1,0,1.57,29.67,8.9,-1.36,46.66,246,712.71,4,-22.15,119.26,5,20,1
MAT-2024-0715,2,1,2.75,56.93,12.65,0.27,63.52,226,586.42,5,-37.93,117.81,4,21,1
MAT-2024-0716,0,1,2.64,55.81,5.71,-1.07,45.84,236,644.51,5,-16.2,114.74,1,28,1
MAT-2024-0717,1,1,3.64,76.0,7.27,0.58,74.03,248,826.86,9,-28.0,130.01,6,20,0
MAT-2024-0718,0,1,4.0,77.74,6.37,2.06,22.87,248,848.8,5,11.22,110.35,5,21,0
MAT-2024-0719,0,2,3.45,59.2,20.91,0.05,43.72,260,473.99,1,-14.6,124.29,5,18,0
MAT-2024-0720,0,0,2.24,43.36,23.51,-0.08,68.2,240,811.31,11,-15.75,124.08,8,18,1
MAT-2024-0721,1,1,2.79,58.29,25.58,1.67,67.59,266,783.01,7,19.9,135.04,10,21,1
MAT-2024-0722,0,0,2.5,38.9,6.5,-0.25,82.87,244,709.52,2,39.53,133.35,8,23,1
MAT-2024-0723,0,1,2.12,41.22,38.2,-1.2,92.44,264,575.91,5,-4.94,144.58,8,24,1
MAT-2024-0724,0,0,3.16,53.93,11.51,1.6,86.69,249,524.35,5,-52.92,136.28,4,23,0
MAT-2024-0725,2,0,1.79,36.73,22.91,-0.21,38.42,276,511.23,2,-23.78,128.37,9,19,1
MAT-2024-0726,2,1,2.83,50.92,17.5,0.68,62.65,278,815.0,12,2.89,136.86,9,25,0
MAT-2024-0727,0,2,3.3,69.6,10.89,-1.54,59.94,229,794.67,4,46.26,117.78,6,22,1
MAT-2024-0728,0,1,2.54,50.67,0.0,-0.32,71.91,257,397.3,9,-38.68,132.76,5,27,1
MAT-2024-0729,1,0,2.18,38.12,32.23,0.45,77.09,244,728.18,3,-18.59,130.84,6,15,1
MAT-2024-0730,0,2,1.0,20.78,19.5,0.92,57.23,213,419.56,5,5.81,110.09,5,23,1
MAT-2024-0731,2,1,4.0,77.4,8.31,1.18,26.22,242,699.2,8,16.89,108.69,6,23,0
MAT-2024-0732,0,1,2.54,53.64,5.56,-0.09,56.16,263,711.7,1,-1.4,130.46,5,23,0
MAT-2024-0733,2,1,3.64,76.67,9.44,-0.28,82.21,232,711.29,5,-6.23,127.68,6,20,0
MAT-2024-0734,0,1,3.29,57.67,1.54,-1.54,56.83,257,477.08,10,23.14,126.53,11,22,1
MAT-2024-0735,1,1,1.09,20.72,21.98,0.66,26.8,265,765.76,7,-6.78,118.32,5,20,1
MAT-2024-0736,1,0,3.03,62.17,28.62,1.19,45.89,236,372.69,10,-16.71,113.76,4,18,0
MAT-2024-0737,0,0,2.32,45.73,21.69,1.61,33.78,208,582.61,8,-4.36,98.11,4,19,1
MAT-2024-0738,0,0,3.19,63.39,11.11,-1.01,55.33,269,809.06,8,2.65,131.13,0,23,0
MAT-2024-0739,0,0,2.92,78.0,0.0,0.44,89.1,245,786.9,8,21.3,135.04,4,26,0
MAT-2024-0740,2,0,2.69,60.56,3.8,0.9,96.61,238,618.24,6,-12.48,135.64,4,17,0
MAT-2024-0741,1,1,2.86,54.5,1.32,0.25,56.03,234,817.81,8,23.09,117.41,6,19,1
MAT-2024-0742,1,2,3.06,65.67,0.68,-2.24,68.03,269,672.23,4,-4.34,137.01,6,19,0
MAT-2024-0743,0,1,2.24,46.03,14.24,1.49,46.5,232,374.98,5,-7.87,113.4,5,20,1
MAT-2024-0744,0,1,2.54,45.04,6.87,-1.4,65.71,248,452.51,9,-10.26,126.68,9,23,1
MAT-2024-0745,0,1,3.66,65.97,7.65,-0.97,43.63,247,704.44,12,-10.25,116.85,1,17,0
MAT-2024-0746,0,2,1.81,33.74,5.34,-0.3,65.19,228,777.87,1,13.9,120.08,6,19,1
MAT-2024-0747,1,1,2.95,59.88,20.98,-0.01,14.89,255,449.54,13,-0.8,108.36,6,16,1
MAT-2024-0748,0,1,2.23,43.52,3.99,0.64,37.17,258,689.01,7,-13.75,119.67,10,16,1
MAT-2024-0749,0,2,3.06,53.56,0.95,-0.8,80.43,261,546.38,6,-20.26,138.37,4,21,0
MAT-2024-0750,2,2,3.25,60.96,15.65,0.98,74.84,244,750.1,8,-12.76,128.94,7,19,0
MAT-2024-0751,1,0,4.0,90.33,0.0,-0.37,77.09,251,544.38,13,8.16,131.64,3,39,0
MAT-2024-0752,2,1,3.31,65.52,11.76,0.62,49.74,236,398.14,8,3.24,115.7,6,19,1
MAT-2024-0753,1,1,2.2,53.15,12.74,-0.5,67.18,256,813.88,9,-6.17,130.47,4,25,1
MAT-2024-0754,2,0,2.88,53.28,25.56,0.51,78.33,242,817.6,4,28.48,130.33,5,29,1
MAT-2024-0755,0,0,1.86,41.4,11.04,-1.99,48.06,266,654.16,11,-1.21,126.42,4,19,1
MAT-2024-0756,0,1,2.29,53.62,10.6,0.23,75.43,254,634.84,14,10.41,131.97,3,28,0
MAT-2024-0757,0,1,4.0,72.67,0.0,0.47,60.71,253,408.84,10,24.59,126.48,8,33,0
MAT-2024-0758,2,1,3.07,57.3,6.46,1.38,55.96,238,816.76,7,36.09,119.18,5,21,0
MAT-2024-0759,1,0,4.0,82.85,14.07,-0.18,18.02,225,367.55,8,-19.83,98.61,5,22,0
MAT-2024-0760,0,1,3.57,75.33,4.91,0.89,73.22,237,630.2,6,10.6,125.89,3,15,0
MAT-2024-0761,0,0,3.09,59.33,13.01,0.53,81.01,268,661.13,3,3.35,142.0,3,25,0
MAT-2024-0762,2,2,1.96,38.96,12.13,-1.53,33.17,251,636.2,4,-29.96,115.87,5,21,1
MAT-2024-0763,2,2,4.0,78.93,5.68,-0.14,33.34,246,434.64,1,-0.48,114.54,2,28,0
MAT-2024-0764,0,1,3.24,67.22,9.91,-1.7,69.88,273,787.28,14,-28.84,137.35,3,16,0
MAT-2024-0765,1,1,2.57,68.67,10.24,-0.71,44.76,241,576.01,6,-9.76,116.1,10,22,0
MAT-2024-0766,0,1,3.33,86.42,8.47,0.78,72.42,273,585.79,8,42.55,139.57,5,20,0
MAT-2024-0767,2,0,2.76,53.67,22.65,-0.27,39.58,244,802.04,5,8.23,115.43,4,24,1
MAT-2024-0768,0,0,2.35,33.0,4.21,0.54,93.96,241,813.61,11,17.12,134.78,8,19,1
MAT-2024-0769,0,1,3.08,34.0,0.0,-1.04,41.63,225,494.12,10,3.24,107.65,6,17,1
MAT-2024-0770,0,0,2.78,56.39,7.57,-1.22,29.16,214,720.34,3,27.74,99.66,6,14,1
MAT-2024-0771,0,1,2.47,50.0,23.21,-0.39,58.88,251,383.75,11,7.47,124.75,6,22,1
MAT-2024-0772,1,1,3.68,76.67,0.0,0.58,48.85,245,611.47,4,43.15,119.74,9,29,0
MAT-2024-0773,2,2,2.91,77.67,34.81,-0.67,38.47,257,517.81,11,-4.3,118.99,4,19,0
MAT-2024-0774,0,0,2.11,37.87,24.07,0.5,74.05,259,501.96,5,-4.53,135.22,2,16,1
MAT-2024-0775,1,2,2.74,54.8,11.25,-1.6,90.54,243,635.56,5,15.21,135.42,6,15,0
MAT-2024-0776,0,1,2.45,43.77,18.57,1.22,55.49,245,615.81,12,-19.78,120.8,6,24,1
MAT-2024-0777,1,1,3.61,72.72,3.34,-0.11,20.52,246,408.28,3,-12.34,109.01,6,15,0
MAT-2024-0778,0,1,3.46,65.71,8.11,-0.41,79.12,261,569.42,14,10.3,136.25,2,17,0
MAT-2024-0779,0,1,1.91,36.33,0.0,1.78,72.64,274,900.33,13,4.74,139.06,1,20,1
MAT-2024-0780,0,2,3.11,60.83,1.82,-1.25,72.15,242,604.46,6,-13.19,127.46,2,26,0
MAT-2024-0781,0,0,2.54,43.76,10.69,0.86,57.63,263,806.67,9,-2.6,129.45,1,19,1
MAT-2024-0782,0,1,3.78,83.37,8.28,0.76,10.69,267,637.33,8,29.78,112.48,5,15,0
MAT-2024-0783,0,1,1.89,28.0,1.69,-1.34,49.99,259,417.36,13,20.69,124.0,7,23,1
MAT-2024-0784,0,2,2.9,55.21,12.99,-1.4,76.41,242,375.34,8,-6.79,128.76,2,19,1
MAT-2024-0785,2,1,1.82,21.17,7.67,-0.45,71.64,252,727.32,11,23.77,130.26,5,12,1
MAT-2024-0786,0,1,2.97,66.5,17.67,0.19,48.2,228,537.48,7,23.32,112.08,5,24,1
MAT-2024-0787,2,0,3.22,53.25,7.71,1.37,61.39,256,511.48,14,-36.33,127.16,5,20,0
MAT-2024-0788,0,0,3.24,71.83,5.52,0.25,51.36,260,873.26,14,-4.9,124.74,3,23,0
MAT-2024-0789,0,0,1.76,33.85,7.79,0.17,56.19,245,678.85,11,57.76,121.28,2,25,1
MAT-2024-0790,1,0,3.03,62.47,4.85,-1.01,54.15,268,867.87,8,45.69,130.26,4,21,1
MAT-2024-0791,2,1,3.13,73.17,12.1,-0.22,53.09,232,665.43,6,2.06,115.84,2,15,1
MAT-2024-0792,2,0,1.29,27.44,26.24,-0.56,41.77,250,824.11,11,3.64,117.51,7,15,1
MAT-2024-0793,0,1,2.14,39.5,9.31,1.79,93.93,253,590.2,14,-41.8,138.97,5,17,1
MAT-2024-0794,0,1,2.89,50.17,10.0,0.69,94.17,239,693.67,3,6.4,135.67,7,22,0
MAT-2024-0795,0,0,2.32,52.22,18.1,1.41,63.31,258,876.48,5,-18.15,130.52,6,16,0
MAT-2024-0796,2,1,2.63,61.67,9.35,0.08,43.79,276,720.46,9,-23.11,129.12,4,23,1
MAT-2024-0797,2,1,3.94,82.67,10.88,-0.2,62.98,238,499.45,3,14.45,122.79,2,14,0
MAT-2024-0798,0,1,2.32,39.78,7.72,-0.19,51.39,258,456.85,1,-35.84,126.56,1,14,1
MAT-2024-0799,1,1,2.38,45.7,19.0,1.2,12.88,223,641.01,5,39.98,96.35,3,20,1
MAT-2024-0800,1,1,2.54,65.0,10.75,0.28,52.04,222,692.02,9,33.98,110.82,6,21,1
MAT-2024-0801,1,1,3.5,62.9,12.4,0.66,51.65,257,513.93,4,-47.17,125.66,7,19,0
MAT-2024-0802,0,0,3.4,72.71,16.94,-1.62,30.43,257,715.47,7,-17.8,116.57,3,20,0
MAT-2024-0803,0,2,3.36,61.67,2.91,1.23,50.49,234,585.89,9,5.76,115.0,7,19,0
MAT-2024-0804,0,2,1.88,45.21,25.28,-0.25,38.78,246,558.13,3,30.93,116.31,4,18,1
MAT-2024-0805,2,0,3.03,60.93,6.87,1.98,66.8,232,696.31,10,22.81,120.52,2,21,0
MAT-2024-0806,0,1,2.56,58.5,10.78,-0.79,32.59,269,722.78,13,-3.8,121.04,4,25,1
MAT-2024-0807,1,2,3.11,69.0,19.52,0.93,76.81,253,574.02,1,33.73,134.72,3,19,0
MAT-2024-0808,2,2,1.74,36.56,20.52,1.48,71.13,248,688.33,5,-12.34,129.65,5,17,1
MAT-2024-0809,0,1,2.55,49.17,10.8,-1.07,90.96,259,627.14,2,1.28,142.58,5,9,0
MAT-2024-0810,1,1,3.21,65.33,5.29,-0.56,17.07,261,695.05,13,9.29,111.63,5,21,1
MAT-2024-0811,0,2,3.01,52.17,16.87,-0.94,90.38,250,645.62,1,-27.99,138.95,3,16,0
MAT-2024-0812,0,1,2.34,45.2,25.03,-0.58,68.24,261,890.95,9,54.68,132.9,4,17,1
MAT-2024-0813,2,0,2.65,50.19,1.87,-0.27,84.6,254,711.9,12,-34.1,136.04,4,15,1
MAT-2024-0814,0,1,3.2,78.17,0.12,0.9,46.39,248,773.85,13,2.64,118.16,7,21,0
MAT-2024-0815,0,1,3.04,56.48,15.38,-0.11,54.86,290,972.59,12,0.81,138.54,6,22,0
MAT-2024-0816,1,1,3.92,82.57,7.5,-1.35,32.9,262,644.89,6,-8.12,119.76,8,27,0
MAT-2024-0817,0,1,3.05,62.29,1.86,-0.71,20.92,216,707.31,6,4.5,96.57,7,18,0
MAT-2024-0818,0,1,2.56,50.48,11.84,-0.94,88.4,239,387.25,13,4.0,131.36,4,12,0
MAT-2024-0819,1,0,1.61,34.67,7.86,1.29,30.52,270,739.73,3,37.4,122.61,6,24,1
MAT-2024-0820,0,0,3.59,76.67,0.35,-0.01,35.92,245,472.75,11,-35.18,113.17,10,13,0
MAT-2024-0821,2,1,2.27,48.5,12.58,-0.63,72.06,285,957.6,4,-9.41,145.02,3,15,1
MAT-2024-0822,0,2,2.95,62.81,7.86,-0.5,82.42,229,467.13,7,-8.32,126.17,3,18,0
MAT-2024-0823,1,1,4.0,73.2,5.85,1.25,29.7,227,683.62,7,-32.05,104.28,6,19,0
MAT-2024-0824,1,1,1.97,27.67,0.0,1.52,48.83,261,808.14,14,28.98,124.13,3,16,1
MAT-2024-0825,0,0,3.3,64.56,6.48,0.52,35.46,254,397.85,9,14.13,116.98,9,25,1
MAT-2024-0826,1,2,2.13,39.78,10.27,-0.27,34.35,267,905.71,10,-12.6,121.54,7,21,1
MAT-2024-0827,0,1,3.2,62.71,5.05,-0.58,79.35,247,649.81,4,-2.8,132.74,3,20,0
MAT-2024-0828,1,1,2.33,46.83,10.99,-0.74,38.16,252,428.63,11,17.44,116.86,6,16,1
MAT-2024-0829,1,2,2.02,40.67,6.86,0.73,58.83,253,402.13,5,-3.73,126.73,6,25,1
MAT-2024-0830,0,1,2.72,57.25,10.17,0.17,59.04,276,774.85,2,-9.5,136.62,7,17,0
MAT-2024-0831,1,1,2.18,50.44,20.12,0.72,45.28,243,793.67,11,13.76,116.11,0,22,1
MAT-2024-0832,0,0,3.41,73.44,4.06,-1.25,83.72,253,777.31,13,27.62,135.09,5,13,0
MAT-2024-0833,1,0,2.86,50.22,27.71,-1.42,26.75,247,632.01,9,-34.12,110.7,3,17,1
MAT-2024-0834,1,0,3.04,62.58,10.06,0.06,52.06,247,487.97,6,-28.95,121.42,5,16,1
MAT-2024-0835,0,1,3.14,60.67,21.58,0.78,53.27,256,719.3,8,-2.6,125.11,5,17,0
MAT-2024-0836,0,1,1.86,45.33,17.99,0.32,55.03,243,407.88,7,53.75,120.81,2,14,1
MAT-2024-0837,1,2,2.56,41.67,0.0,-0.18,35.78,272,489.43,13,21.65,123.51,2,27,1
MAT-2024-0838,0,2,2.23,47.05,18.46,-0.3,66.93,252,751.31,12,28.65,128.17,8,14,1
MAT-2024-0839,0,1,2.81,52.9,31.69,0.34,71.12,232,396.05,14,4.9,121.45,8,17,1
MAT-2024-0840,0,1,2.22,30.67,0.0,-0.25,76.53,263,476.71,13,-28.51,136.21,6,21,1
MAT-2024-0841,1,0,2.91,51.21,22.73,-0.26,62.75,235,498.96,7,16.63,120.7,0,16,1
MAT-2024-0842,0,1,2.5,42.44,30.58,0.31,44.83,266,776.26,2,-37.57,126.93,5,27,1
MAT-2024-0843,2,0,3.04,62.73,11.81,-0.82,35.95,245,467.66,5,-6.22,114.38,5,20,1
MAT-2024-0844,0,1,3.37,91.33,0.0,-0.05,69.02,270,862.29,6,-21.58,137.41,7,21,0
MAT-2024-0845,1,2,3.57,66.83,12.29,-0.77,92.14,259,718.71,2,8.6,143.06,4,14,0
MAT-2024-0846,0,1,4.0,81.61,4.29,-0.83,46.22,240,593.12,1,29.38,117.29,6,19,0
MAT-2024-0847,0,0,2.56,63.92,16.77,-0.09,87.49,240,515.66,9,36.22,132.2,3,27,0
MAT-2024-0848,2,0,2.5,50.2,9.87,-0.41,42.98,226,382.32,3,-11.65,109.99,4,32,1
MAT-2024-0849,2,1,3.45,74.85,16.34,1.75,89.75,256,408.72,5,-26.86,140.3,2,27,0
MAT-2024-0850,0,0,3.82,75.55,13.38,0.73,72.59,249,611.78,8,-55.25,130.04,2,22,0
MAT-2024-0851,0,1,2.69,56.92,13.55,0.39,50.1,273,887.87,13,-39.84,129.64,6,16,1
MAT-2024-0852,2,0,3.16,59.33,10.85,-0.51,34.6,230,349.2,14,21.92,106.04,9,18,1
MAT-2024-0853,0,1,2.68,56.33,3.35,1.51,50.58,283,554.56,6,-34.67,135.23,6,21,0
MAT-2024-0854,0,0,3.94,76.0,4.63,-0.39,90.47,277,747.01,1,28.53,149.79,4,23,0
MAT-2024-0855,0,0,2.5,49.57,2.63,-1.97,54.11,233,704.72,12,-17.21,115.44,3,28,1
MAT-2024-0856,0,2,3.3,77.5,3.8,-0.05,38.5,259,548.36,6,6.16,120.8,6,21,0
MAT-2024-0857,1,1,3.62,80.81,5.62,-0.14,38.78,256,696.52,2,2.09,120.51,3,17,0
MAT-2024-0858,0,0,2.27,54.07,1.69,0.28,57.31,242,733.37,8,8.04,121.12,5,26,1
MAT-2024-0859,2,0,2.49,48.0,1.0,0.27,80.71,246,700.36,11,-1.09,131.48,7,20,1
MAT-2024-0860,1,2,3.34,66.17,2.72,0.84,85.28,269,488.82,14,-0.77,141.91,6,21,0
MAT-2024-0861,1,1,3.52,75.56,23.02,1.4,85.1,270,540.71,14,48.7,142.24,6,20,0
MAT-2024-0862,0,1,3.07,62.37,16.49,0.49,40.5,263,603.25,1,8.41,124.2,7,15,0
MAT-2024-0863,2,2,3.02,55.37,14.47,1.63,45.13,237,746.61,7,-12.22,114.45,4,14,1
MAT-2024-0864,0,0,3.02,60.79,9.84,0.07,70.65,252,662.9,12,-38.7,129.66,9,13,0
MAT-2024-0865,1,1,4.0,71.33,0.0,0.85,65.16,248,854.9,5,14.21,127.26,4,23,0
MAT-2024-0866,1,0,2.75,60.8,14.49,-0.38,42.33,251,558.47,11,-2.04,118.13,5,14,1
MAT-2024-0867,0,0,2.95,44.67,0.91,-0.36,47.19,282,631.7,5,-20.07,133.68,6,20,1
MAT-2024-0868,0,1,3.08,56.3,21.2,1.23,74.62,230,641.99,2,16.53,124.45,3,17,0
MAT-2024-0869,0,0,3.69,77.57,27.42,-0.21,48.48,264,851.57,4,15.13,127.19,7,18,0
MAT-2024-0870,1,0,2.11,43.94,20.67,1.13,63.84,226,472.92,4,11.53,118.14,8,23,1
MAT-2024-0871,0,1,2.51,46.67,15.39,1.96,73.43,235,750.33,9,6.03,124.57,5,17,1
MAT-2024-0872,0,1,2.76,59.73,14.1,-0.43,65.55,261,778.98,3,14.18,133.02,6,21,0
MAT-2024-0873,0,1,3.01,71.0,0.0,-1.09,60.58,264,446.56,10,-2.8,130.83,6,24,0
MAT-2024-0874,0,0,2.2,44.33,0.0,-1.37,46.91,235,524.41,2,15.11,115.36,11,25,1
MAT-2024-0875,0,0,3.04,62.73,14.23,-0.6,73.23,300,715.46,12,36.59,149.89,4,20,0
MAT-2024-0876,0,1,2.8,63.0,15.67,-1.97,76.41,225,502.65,11,-3.0,121.36,5,12,0
MAT-2024-0877,0,2,3.17,65.0,5.76,1.9,43.2,273,714.82,8,-22.5,127.88,3,15,0
MAT-2024-0878,0,1,1.86,37.17,5.85,-1.81,92.98,232,706.16,14,14.08,130.19,5,13,1
MAT-2024-0879,1,1,2.96,65.4,15.1,-0.38,81.08,242,736.21,5,3.62,131.23,5,21,0
MAT-2024-0880,1,1,2.27,44.67,22.8,-0.15,88.78,233,550.31,1,-15.94,131.51,4,15,0
MAT-2024-0881,2,1,2.84,59.27,10.49,0.43,68.66,245,550.05,12,24.83,126.06,5,24,1
MAT-2024-0882,0,1,3.43,72.24,13.98,1.84,40.1,272,599.57,13,22.0,125.24,8,24,1
MAT-2024-0883,1,0,3.43,67.6,5.74,-1.11,52.62,243,746.61,11,1.97,119.05,6,20,0
MAT-2024-0884,2,1,1.44,27.39,23.71,-0.03,59.77,240,617.38,14,-23.71,120.11,5,17,1
MAT-2024-0885,0,2,2.48,47.25,23.86,0.22,81.66,261,780.2,6,-11.06,138.86,4,19,1
MAT-2024-0886,2,2,1.0,19.9,7.58,0.58,80.91,267,432.7,9,23.06,140.36,5,29,1
MAT-2024-0887,1,1,2.92,54.38,16.11,0.51,58.61,267,455.23,9,5.09,131.44,5,19,1
MAT-2024-0888,1,2,3.13,76.89,8.74,0.92,13.36,231,653.72,14,27.76,97.94,4,33,1
MAT-2024-0889,0,0,3.65,67.04,10.58,-1.02,88.73,252,541.33,7,26.22,137.89,6,19,0
MAT-2024-0890,0,0,2.82,70.67,9.08,0.3,53.28,236,648.76,3,-49.83,118.11,6,22,0
MAT-2024-0891,0,2,4.0,79.0,4.41,0.7,40.68,244,581.34,1,34.13,116.67,2,16,0
MAT-2024-0892,2,0,2.53,41.05,8.87,1.25,85.44,218,503.98,8,-4.8,122.78,4,11,1
MAT-2024-0893,1,0,3.84,66.53,6.63,-0.93,67.07,257,622.03,14,37.86,129.83,5,22,0
MAT-2024-0894,0,1,2.67,51.29,16.75,-1.09,69.75,239,529.36,11,24.56,124.3,3,11,1
MAT-2024-0895,0,0,3.44,78.0,0.0,0.04,66.97,231,361.86,7,-20.17,120.79,2,22,0
MAT-2024-0896,1,1,3.67,72.87,6.43,0.58,60.64,208,469.39,3,21.83,109.86,2,20,0
MAT-2024-0897,0,1,1.2,29.33,38.3,1.36,76.57,225,630.05,11,-13.46,121.43,1,24,1
MAT-2024-0898,2,1,3.58,73.89,7.65,-0.08,54.75,257,464.36,5,8.57,126.7,0,23,0
MAT-2024-0899,0,1,1.85,35.67,0.0,0.08,65.47,252,781.13,1,47.6,129.79,5,15,1
MAT-2024-0900,0,0,3.0,64.0,29.22,0.56,17.81,254,800.65,7,9.31,110.32,5,21,1
MAT-2024-0901,2,2,1.72,35.67,22.6,-1.13,75.28,249,648.62,11,14.32,130.51,5,23,1
MAT-2024-0902,1,1,4.0,72.0,0.0,1.06,64.09,246,626.53,5,-40.77,126.04,4,20,0
MAT-2024-0903,0,0,2.33,50.76,22.2,0.55,53.1,249,613.71,11,-66.13,121.64,8,16,1
MAT-2024-0904,0,0,3.44,65.0,8.51,-1.7,85.12,239,419.5,8,-15.27,131.05,5,15,0
MAT-2024-0905,0,0,1.49,30.33,0.0,1.27,62.09,274,591.05,2,3.09,137.04,4,22,1
MAT-2024-0906,0,0,3.28,61.96,15.64,-0.38,83.08,240,515.64,13,7.23,129.63,3,16,0
MAT-2024-0907,0,1,2.47,48.89,9.14,0.13,53.7,259,900.28,11,-32.58,125.88,3,9,1
MAT-2024-0908,0,0,3.99,80.12,17.95,-0.37,61.1,230,772.43,4,-18.47,118.64,0,24,0
MAT-2024-0909,0,1,2.33,60.19,24.06,1.05,40.26,253,733.05,3,4.32,119.7,5,27,1
MAT-2024-0910,0,1,3.33,74.11,1.94,0.44,48.4,237,504.6,11,36.22,114.96,5,25,0
MAT-2024-0911,1,2,2.88,53.61,6.65,0.18,63.28,256,482.84,11,37.31,128.51,4,19,0
MAT-2024-0912,0,2,3.42,75.78,23.4,0.5,94.26,246,490.55,14,-11.4,136.3,4,18,0
MAT-2024-0913,0,2,2.83,56.22,11.98,0.0,87.55,281,575.02,2,7.32,150.02,3,18,0
MAT-2024-0914,1,1,3.45,67.6,11.0,1.44,92.07,228,703.91,2,7.23,130.63,5,15,0
MAT-2024-0915,2,1,2.76,57.56,10.03,-0.46,77.26,251,481.01,8,22.42,132.7,11,20,0
MAT-2024-0916,0,1,2.14,52.25,6.71,0.73,65.9,258,595.6,14,30.05,129.76,5,26,1
MAT-2024-0917,1,0,2.98,58.03,16.42,1.43,49.67,277,661.72,14,-42.98,130.87,4,22,0
MAT-2024-0918,0,0,3.38,69.83,0.12,0.14,75.7,234,765.23,2,38.75,126.48,2,15,0
MAT-2024-0919,1,0,2.32,45.78,28.7,0.59,93.62,260,453.78,6,-1.25,143.25,7,17,0
MAT-2024-0920,2,1,2.57,61.39,10.02,-1.04,44.32,253,881.62,7,34.94,120.53,4,18,1
MAT-2024-0921,2,1,2.31,26.0,0.0,-0.67,56.27,268,553.79,9,-32.72,130.91,3,21,1
MAT-2024-0922,0,1,2.82,60.52,15.24,-0.82,62.18,251,562.01,2,-23.23,127.87,5,17,1
MAT-2024-0923,2,2,2.13,40.38,9.88,0.53,87.27,251,647.54,10,4.63,136.31,8,17,1
MAT-2024-0924,1,1,3.4,72.33,7.14,-0.24,57.63,234,474.77,6,-3.22,118.45,5,18,0
MAT-2024-0925,2,2,2.87,64.0,0.0,-1.16,38.53,248,478.54,5,-7.02,116.61,4,20,0
MAT-2024-0926,0,2,3.17,59.11,12.22,1.52,54.67,249,558.87,10,-17.13,122.47,7,16,0
MAT-2024-0927,0,1,3.01,60.43,9.31,0.69,67.05,262,747.63,7,21.45,133.22,7,21,0
MAT-2024-0928,0,1,3.44,48.67,0.0,1.43,31.38,263,453.46,10,-31.49,118.75,5,18,0
MAT-2024-0929,1,1,4.0,78.37,3.79,0.13,28.49,248,508.18,11,16.12,111.4,1,24,0
MAT-2024-0930,0,1,2.74,62.89,3.04,0.92,56.93,249,860.03,3,4.22,124.77,2,21,1
MAT-2024-0931,0,1,2.81,54.21,12.34,-0.46,58.11,248,744.8,9,26.08,123.64,1,20,0
MAT-2024-0932,1,1,1.34,25.94,11.82,-0.92,31.13,243,650.32,9,-25.59,110.85,4,18,1
MAT-2024-0933,0,0,2.53,51.58,15.38,-0.14,52.96,295,616.23,4,4.09,141.38,4,21,1
MAT-2024-0934,0,0,3.5,74.62,7.26,-1.07,87.89,253,774.58,1,37.51,139.16,4,22,0
MAT-2024-0935,1,0,2.88,45.44,14.51,-0.79,35.94,250,558.97,6,9.68,116.18,3,22,1
MAT-2024-0936,0,2,2.22,54.24,17.8,0.88,61.05,266,647.53,13,11.96,131.22,7,18,1
MAT-2024-0937,0,2,3.01,77.08,18.55,-0.5,79.73,267,493.76,8,-15.06,140.09,4,14,0
MAT-2024-0938,0,1,3.22,67.08,4.23,-1.46,27.12,223,368.82,2,-0.88,102.65,6,23,1
MAT-2024-0939,1,0,3.47,77.67,11.17,1.56,82.13,229,747.8,7,16.16,126.05,7,12,0
MAT-2024-0940,1,1,2.8,55.22,2.22,-2.3,50.96,250,596.64,9,29.1,121.58,4,21,1
MAT-2024-0941,0,0,3.28,68.0,8.93,-0.59,48.81,259,892.54,2,17.76,125.72,5,26,0
MAT-2024-0942,2,1,3.55,66.83,3.42,0.04,45.5,232,805.89,2,50.69,113.6,3,21,0
MAT-2024-0943,2,1,3.19,50.9,17.36,0.07,73.22,253,842.17,12,-19.88,131.09,3,21,0
MAT-2024-0944,2,2,3.24,70.7,15.03,-1.01,59.97,212,498.23,13,-26.53,109.19,6,19,0
MAT-2024-0945,1,2,3.05,59.67,18.8,-0.91,86.73,258,449.63,1,-4.55,140.69,5,17,0
MAT-2024-0946,0,0,2.61,55.96,13.62,-1.18,17.87,240,672.65,10,5.42,104.15,4,25,1
MAT-2024-0947,0,1,2.38,55.5,19.8,-0.36,44.46,254,530.48,12,12.31,119.98,5,26,1
MAT-2024-0948,0,1,2.04,43.13,21.49,-0.81,67.96,269,651.83,7,43.51,136.38,3,17,1
MAT-2024-0949,0,1,1.53,42.67,18.06,0.46,53.14,229,642.43,6,49.09,114.66,6,27,1
MAT-2024-0950,1,1,3.14,66.67,9.3,2.04,70.87,263,824.19,6,-2.1,135.35,3,21,0
MAT-2024-0951,0,0,3.55,68.67,0.0,-1.5,44.16,250,651.04,4,-19.93,119.86,5,12,0
MAT-2024-0952,0,1,2.73,81.0,0.0,-1.2,78.73,234,600.75,2,-18.57,127.69,5,20,0
MAT-2024-0953,0,1,3.21,64.3,25.16,2.08,61.11,266,424.96,6,3.17,132.64,5,17,0
MAT-2024-0954,0,0,1.85,37.64,14.5,-1.57,51.93,244,781.41,4,-9.36,120.57,7,19,1
MAT-2024-0955,2,2,2.23,25.5,1.82,0.23,59.91,252,799.82,7,-10.46,126.36,3,14,1
MAT-2024-0956,0,1,3.86,79.0,4.29,-0.11,56.8,235,653.69,8,22.54,118.12,7,17,0
MAT-2024-0957,0,1,2.52,36.33,3.14,-0.14,77.79,249,653.02,2,0.48,133.32,6,19,1
MAT-2024-0958,0,1,2.78,58.71,11.81,-0.88,32.71,236,687.51,6,-10.22,109.28,5,16,0
MAT-2024-0959,0,1,2.48,44.7,20.36,0.81,74.29,213,476.27,7,32.44,116.52,6,15,0
MAT-2024-0960,0,1,2.28,46.74,11.32,0.73,77.57,264,622.62,4,22.65,138.83,7,29,0
MAT-2024-0961,0,0,1.66,28.0,0.0,1.32,47.63,235,430.96,2,6.63,115.65,4,20,1
MAT-2024-0962,0,0,3.49,73.1,23.58,-0.08,57.12,263,915.54,11,-9.83,128.85,4,23,0
MAT-2024-0963,0,0,1.0,17.5,4.62,-1.98,71.86,268,801.93,14,25.01,136.14,7,11,1
MAT-2024-0964,1,0,3.97,77.44,3.68,0.74,72.65,257,827.91,11,-19.98,132.66,2,23,0
MAT-2024-0965,0,1,3.5,77.33,18.4,-1.13,61.14,249,553.48,11,-43.99,124.86,3,18,0
MAT-2024-0966,1,1,2.89,60.52,28.96,-0.3,54.66,241,573.66,8,27.88,119.66,4,19,1
MAT-2024-0967,0,0,3.3,78.33,0.0,1.64,22.95,249,394.13,8,-18.29,110.18,7,21,0
MAT-2024-0968,1,0,2.55,41.12,6.65,-1.79,28.8,260,758.38,12,-1.27,116.12,8,21,1
MAT-2024-0969,0,0,3.01,77.11,2.43,0.44,63.91,281,795.81,7,-0.64,139.56,10,18,0
MAT-2024-0970,0,2,2.95,52.7,18.27,0.53,28.73,239,365.03,7,16.99,108.69,8,18,1
MAT-2024-0971,0,0,2.53,47.29,11.27,-0.58,67.72,222,714.9,12,27.84,116.49,7,19,1
MAT-2024-0972,0,0,2.69,58.11,4.34,0.55,52.17,227,465.01,7,8.9,113.27,5,11,0
MAT-2024-0973,0,2,3.91,77.58,10.2,-1.3,77.18,240,610.27,7,12.5,128.47,5,21,0
MAT-2024-0974,0,1,3.66,74.8,14.93,-0.99,30.1,264,505.54,6,-6.31,119.44,8,25,0
MAT-2024-0975,2,2,3.11,66.87,19.1,0.23,62.69,243,692.23,10,0.38,123.28,6,17,1
MAT-2024-0976,2,1,2.73,60.03,18.24,0.61,45.69,233,552.93,4,-0.89,113.68,8,20,0
MAT-2024-0977,0,1,1.16,29.29,6.33,-0.06,61.58,261,654.59,12,29.11,129.63,5,14,1
MAT-2024-0978,0,0,2.92,53.78,9.18,-0.58,22.51,246,570.45,9,12.57,108.6,4,17,0
MAT-2024-0979,1,1,3.19,50.8,13.43,-0.85,68.01,245,429.5,6,-1.02,127.0,5,16,0
MAT-2024-0980,0,1,2.57,57.33,2.14,-1.24,52.56,244,704.34,6,-0.35,120.42,7,25,1
MAT-2024-0981,0,1,2.24,42.94,19.19,1.26,47.61,251,773.34,2,17.41,122.04,2,15,1
MAT-2024-0982,0,1,1.95,36.83,28.48,-0.14,54.1,277,638.19,14,-2.42,132.64,4,27,1
MAT-2024-0983,1,0,4.0,77.27,9.37,-0.48,88.17,258,711.5,11,-37.76,139.27,8,25,0
MAT-2024-0984,2,1,2.38,49.85,19.35,-0.58,47.19,259,467.01,6,33.0,124.28,2,22,1
MAT-2024-0985,2,1,4.0,77.29,10.31,0.24,57.66,301,476.0,10,8.76,144.46,10,20,0
MAT-2024-0986,1,1,2.89,65.5,1.32,-0.44,75.93,246,656.88,4,-27.05,130.97,6,18,0
MAT-2024-0987,2,1,2.94,56.4,20.08,0.22,57.27,257,481.75,5,-51.47,127.71,6,22,0
MAT-2024-0988,0,0,1.01,5.67,1.44,0.92,29.1,249,670.21,1,-1.9,114.04,2,29,1
MAT-2024-0989,2,0,2.79,51.12,13.39,0.07,63.1,266,664.41,14,-38.53,131.84,4,22,1
MAT-2024-0990,0,0,2.69,49.67,25.01,-0.44,77.64,223,636.41,7,-25.25,121.86,8,19,1
MAT-2024-0991,1,2,2.87,59.83,4.78,0.5,83.12,209,355.5,4,40.43,119.05,1,18,0
MAT-2024-0992,0,1,1.83,23.67,12.05,-0.04,64.56,249,613.79,7,-7.52,127.02,3,22,1
MAT-2024-0993,2,1,3.21,63.89,24.14,-1.01,75.33,237,405.66,3,1.27,127.33,3,18,0
MAT-2024-0994,0,1,2.62,49.73,8.1,-0.56,79.06,251,654.52,6,-19.64,133.82,2,12,0
MAT-2024-0995,2,0,2.93,51.83,7.56,-2.79,87.31,259,804.32,6,-24.85,140.32,5,17,0
MAT-2024-0996,1,2,2.46,44.37,21.91,-1.65,75.07,250,552.72,6,46.66,131.83,7,25,1
MAT-2024-0997,1,0,3.02,53.17,1.32,0.62,43.0,270,659.12,4,8.67,127.4,4,31,0
MAT-2024-0998,0,0,2.45,52.25,1.76,0.85,39.74,254,568.62,5,-16.11,119.5,6,14,1
MAT-2024-0999,1,1,2.3,50.3,4.25,0.59,52.36,240,726.33,12,18.97,117.54,6,23,0
MAT-2024-1000,0,0,2.79,62.33,5.77,0.54,58.35,234,662.78,6,44.64,118.74,3,20,1
